,mean,sd,hdi_2.5%,hdi_97.5%,mcse_mean,mcse_sd,ess_bulk,ess_tail,r_hat
mu_global,-1.719,3.26,-8.097,4.75,0.066,0.05,2615.0,1776.0,1.0
p[0],0.001,0.002,0.0,0.006,0.0,0.0,26111.0,15404.0,1.0
p[1],0.0,0.0,0.0,0.001,0.0,0.0,19896.0,15303.0,1.0
p[2],0.001,0.002,0.0,0.004,0.0,0.0,27329.0,16544.0,1.0
p[3],0.006,0.003,0.001,0.012,0.0,0.0,54817.0,22425.0,1.0
p[4],0.001,0.002,0.0,0.004,0.0,0.0,30341.0,15315.0,1.0
p[5],0.003,0.002,0.001,0.007,0.0,0.0,55768.0,22117.0,1.0
p[6],0.0,0.0,0.0,0.001,0.0,0.0,23934.0,16838.0,1.0
p[7],0.011,0.004,0.004,0.019,0.0,0.0,48363.0,22089.0,1.0
p[8],0.001,0.001,0.0,0.003,0.0,0.0,24746.0,14453.0,1.0
p[9],0.001,0.001,0.0,0.003,0.0,0.0,23603.0,16339.0,1.0
p[10],0.001,0.001,0.0,0.002,0.0,0.0,23440.0,17921.0,1.0
p[11],0.0,0.0,0.0,0.0,0.0,0.0,20368.0,16568.0,1.0
p[12],0.001,0.003,0.0,0.006,0.0,0.0,26846.0,18973.0,1.0
p[13],0.002,0.004,0.0,0.008,0.0,0.0,29629.0,18001.0,1.0
p[14],0.001,0.002,0.0,0.004,0.0,0.0,27817.0,17475.0,1.0
p[15],0.004,0.002,0.001,0.007,0.0,0.0,52699.0,22350.0,1.0
p[16],0.004,0.007,0.0,0.017,0.0,0.0,27627.0,18559.0,1.0
p[17],0.027,0.031,0.0,0.089,0.0,0.0,45368.0,21873.0,1.0
p[18],0.001,0.002,0.0,0.004,0.0,0.0,28496.0,19225.0,1.0
p[19],0.001,0.002,0.0,0.006,0.0,0.0,27443.0,17437.0,1.0
p[20],0.012,0.014,0.0,0.04,0.0,0.0,48036.0,21691.0,1.0
p[21],0.004,0.008,0.0,0.017,0.0,0.0,26376.0,19024.0,1.0
p[22],0.002,0.004,0.0,0.007,0.0,0.0,31907.0,16342.0,1.0
p[23],0.001,0.002,0.0,0.005,0.0,0.0,28984.0,18328.0,1.0
p[24],0.003,0.006,0.0,0.012,0.0,0.0,36944.0,19725.0,1.0
p[25],0.001,0.002,0.0,0.005,0.0,0.0,29077.0,18565.0,1.0
p[26],0.001,0.003,0.0,0.006,0.0,0.0,27944.0,18499.0,1.0
p[27],0.0,0.001,0.0,0.002,0.0,0.0,27388.0,18732.0,1.0
p[28],0.01,0.008,0.0,0.026,0.0,0.0,52038.0,21752.0,1.0
p[29],0.002,0.001,0.001,0.004,0.0,0.0,54483.0,23671.0,1.0
p[30],0.007,0.005,0.0,0.018,0.0,0.0,56613.0,20498.0,1.0
p[31],0.006,0.003,0.001,0.012,0.0,0.0,52198.0,22318.0,1.0
p[32],0.001,0.002,0.0,0.004,0.0,0.0,24973.0,15228.0,1.0
p[33],0.0,0.0,0.0,0.001,0.0,0.0,22513.0,15426.0,1.0
p[34],0.0,0.0,0.0,0.001,0.0,0.0,20263.0,16514.0,1.0
p[35],0.001,0.001,0.0,0.003,0.0,0.0,21297.0,16521.0,1.0
p[36],0.001,0.001,0.0,0.003,0.0,0.0,24186.0,14732.0,1.0
p[37],0.001,0.001,0.0,0.003,0.0,0.0,21560.0,16132.0,1.0
p[38],0.001,0.001,0.0,0.002,0.0,0.0,23390.0,17209.0,1.0
p[39],0.0,0.0,0.0,0.0,0.0,0.0,21058.0,16218.0,1.0
p[40],0.007,0.009,0.0,0.025,0.0,0.0,43436.0,24759.0,1.0
p[41],0.002,0.004,0.0,0.008,0.0,0.0,26026.0,19254.0,1.0
p[42],0.009,0.007,0.0,0.022,0.0,0.0,51233.0,21884.0,1.0
p[43],0.0,0.0,0.0,0.001,0.0,0.0,23401.0,16395.0,1.0
p[44],0.004,0.007,0.0,0.017,0.0,0.0,30008.0,18181.0,1.0
p[45],0.006,0.012,0.0,0.025,0.0,0.0,26092.0,17043.0,1.0
p[46],0.004,0.004,0.0,0.013,0.0,0.0,50638.0,24190.0,1.0
p[47],0.01,0.008,0.0,0.025,0.0,0.0,41824.0,23999.0,1.0
p[48],0.002,0.005,0.0,0.01,0.0,0.0,25912.0,18659.0,1.0
p[49],0.004,0.008,0.0,0.017,0.0,0.0,28457.0,19815.0,1.0
p[50],0.002,0.004,0.0,0.007,0.0,0.0,31770.0,19017.0,1.0
p[51],0.001,0.002,0.0,0.005,0.0,0.0,27742.0,18307.0,1.0
p[52],0.02,0.027,0.0,0.072,0.0,0.0,34714.0,18812.0,1.0
p[53],0.001,0.002,0.0,0.005,0.0,0.0,26558.0,19008.0,1.0
p[54],0.001,0.003,0.0,0.006,0.0,0.0,28857.0,16938.0,1.0
p[55],0.0,0.001,0.0,0.002,0.0,0.0,26446.0,16844.0,1.0
p[56],0.001,0.002,0.0,0.006,0.0,0.0,25947.0,15786.0,1.0
p[57],0.0,0.0,0.0,0.001,0.0,0.0,18600.0,12292.0,1.0
p[58],0.001,0.002,0.0,0.004,0.0,0.0,25377.0,17935.0,1.0
p[59],0.001,0.001,0.0,0.002,0.0,0.0,24928.0,15428.0,1.0
p[60],0.001,0.002,0.0,0.004,0.0,0.0,26425.0,17917.0,1.0
p[61],0.0,0.0,0.0,0.001,0.0,0.0,22955.0,18825.0,1.0
p[62],0.003,0.002,0.001,0.006,0.0,0.0,53301.0,21651.0,1.0
p[63],0.001,0.001,0.0,0.003,0.0,0.0,21445.0,16532.0,1.0
p[64],0.001,0.001,0.0,0.003,0.0,0.0,27363.0,19240.0,1.0
p[65],0.006,0.004,0.001,0.013,0.0,0.0,53987.0,20530.0,1.0
p[66],0.001,0.001,0.0,0.002,0.0,0.0,26620.0,17204.0,1.0
p[67],0.004,0.001,0.002,0.007,0.0,0.0,33166.0,24473.0,1.0
p[68],0.001,0.003,0.0,0.006,0.0,0.0,29636.0,20710.0,1.0
p[69],0.002,0.004,0.0,0.008,0.0,0.0,27776.0,18744.0,1.0
p[70],0.001,0.002,0.0,0.004,0.0,0.0,26928.0,16998.0,1.0
p[71],0.004,0.002,0.001,0.007,0.0,0.0,55974.0,23198.0,1.0
p[72],0.004,0.007,0.0,0.017,0.0,0.0,30011.0,19479.0,1.0
p[73],0.006,0.012,0.0,0.025,0.0,0.0,26320.0,18133.0,1.0
p[74],0.001,0.002,0.0,0.004,0.0,0.0,26920.0,17322.0,1.0
p[75],0.001,0.002,0.0,0.006,0.0,0.0,27236.0,17420.0,1.0
p[76],0.002,0.005,0.0,0.01,0.0,0.0,26515.0,14646.0,1.0
p[77],0.004,0.008,0.0,0.017,0.0,0.0,28174.0,18489.0,1.0
p[78],0.01,0.014,0.0,0.038,0.0,0.0,35582.0,20800.0,1.0
p[79],0.005,0.005,0.0,0.014,0.0,0.0,52619.0,23127.0,1.0
p[80],0.003,0.007,0.0,0.011,0.0,0.0,35319.0,19754.0,1.0
p[81],0.001,0.002,0.0,0.005,0.0,0.0,29793.0,19730.0,1.0
p[82],0.001,0.003,0.0,0.006,0.0,0.0,29776.0,17362.0,1.0
p[83],0.0,0.001,0.0,0.002,0.0,0.0,27051.0,18138.0,1.0
p[84],0.01,0.008,0.0,0.026,0.0,0.0,46902.0,21054.0,1.0
p[85],0.007,0.002,0.004,0.01,0.0,0.0,33878.0,25408.0,1.0
p[86],0.001,0.002,0.0,0.004,0.0,0.0,28424.0,17932.0,1.0
p[87],0.001,0.001,0.0,0.002,0.0,0.0,24076.0,13318.0,1.0
p[88],0.004,0.004,0.0,0.013,0.0,0.0,46937.0,20966.0,1.0
p[89],0.003,0.002,0.001,0.007,0.0,0.0,57113.0,22639.0,1.0
p[90],0.0,0.0,0.0,0.001,0.0,0.0,23493.0,16084.0,1.0
p[91],0.011,0.004,0.004,0.019,0.0,0.0,50813.0,24299.0,1.0
p[92],0.011,0.006,0.002,0.022,0.0,0.0,46857.0,22499.0,1.0
p[93],0.001,0.001,0.0,0.003,0.0,0.0,23301.0,17579.0,1.0
p[94],0.001,0.001,0.0,0.002,0.0,0.0,21075.0,13634.0,1.0
p[95],0.003,0.001,0.001,0.005,0.0,0.0,37596.0,24800.0,1.0
p[96],0.001,0.003,0.0,0.006,0.0,0.0,26476.0,18849.0,1.0
p[97],0.008,0.009,0.0,0.026,0.0,0.0,38300.0,19170.0,1.0
p[98],0.001,0.002,0.0,0.004,0.0,0.0,28522.0,17856.0,1.0
p[99],0.0,0.0,0.0,0.001,0.0,0.0,22001.0,14792.0,1.0
p[100],0.004,0.008,0.0,0.017,0.0,0.0,27200.0,16378.0,1.0
p[101],0.006,0.012,0.0,0.025,0.0,0.0,24069.0,16445.0,1.0
p[102],0.001,0.002,0.0,0.004,0.0,0.0,32206.0,19053.0,1.0
p[103],0.001,0.002,0.0,0.006,0.0,0.0,26751.0,18543.0,1.0
p[104],0.002,0.005,0.0,0.01,0.0,0.0,29359.0,17488.0,1.0
p[105],0.018,0.02,0.0,0.058,0.0,0.0,50083.0,22970.0,1.0
p[106],0.002,0.004,0.0,0.007,0.0,0.0,29334.0,19154.0,1.0
p[107],0.001,0.002,0.0,0.005,0.0,0.0,31792.0,19871.0,1.0
p[108],0.003,0.007,0.0,0.012,0.0,0.0,38712.0,19291.0,1.0
p[109],0.001,0.002,0.0,0.005,0.0,0.0,30208.0,19282.0,1.0
p[110],0.001,0.003,0.0,0.006,0.0,0.0,28827.0,16948.0,1.0
p[111],0.0,0.001,0.0,0.002,0.0,0.0,28048.0,18459.0,1.0
p[112],0.001,0.002,0.0,0.005,0.0,0.0,27279.0,18836.0,1.0
p[113],0.007,0.002,0.004,0.01,0.0,0.0,36404.0,26424.0,1.0
p[114],0.007,0.005,0.0,0.018,0.0,0.0,55119.0,20490.0,1.0
p[115],0.006,0.003,0.001,0.013,0.0,0.0,50493.0,22120.0,1.0
p[116],0.001,0.002,0.0,0.004,0.0,0.0,30171.0,18206.0,1.0
p[117],0.003,0.002,0.001,0.007,0.0,0.0,56371.0,21501.0,1.0
p[118],0.01,0.003,0.005,0.015,0.0,0.0,40438.0,27463.0,1.0
p[119],0.044,0.008,0.028,0.06,0.0,0.0,34851.0,30058.0,1.0
p[120],0.001,0.001,0.0,0.003,0.0,0.0,24675.0,14688.0,1.0
p[121],0.001,0.001,0.0,0.003,0.0,0.0,24093.0,17353.0,1.0
p[122],0.006,0.003,0.001,0.011,0.0,0.0,52592.0,23864.0,1.0
p[123],0.001,0.001,0.0,0.003,0.0,0.0,48557.0,19563.0,1.0
p[124],0.001,0.003,0.0,0.006,0.0,0.0,27203.0,18974.0,1.0
p[125],0.002,0.004,0.0,0.008,0.0,0.0,32425.0,18204.0,1.0
p[126],0.009,0.007,0.0,0.022,0.0,0.0,49813.0,20632.0,1.0
p[127],0.012,0.003,0.006,0.018,0.0,0.0,37225.0,26043.0,1.0
p[128],0.017,0.019,0.0,0.054,0.0,0.0,47027.0,22213.0,1.0
p[129],0.006,0.012,0.0,0.026,0.0,0.0,26246.0,16895.0,1.0
p[130],0.001,0.002,0.0,0.004,0.0,0.0,28497.0,16884.0,1.0
p[131],0.01,0.008,0.0,0.025,0.0,0.0,44956.0,23184.0,1.0
p[132],0.002,0.004,0.0,0.01,0.0,0.0,27816.0,17376.0,1.0
p[133],0.004,0.008,0.0,0.017,0.0,0.0,27768.0,17085.0,1.0
p[134],0.002,0.004,0.0,0.007,0.0,0.0,34507.0,16422.0,1.0
p[135],0.001,0.002,0.0,0.005,0.0,0.0,28410.0,15227.0,1.0
p[136],0.003,0.007,0.0,0.012,0.0,0.0,33154.0,17061.0,1.0
p[137],0.005,0.006,0.0,0.018,0.0,0.0,47888.0,23783.0,1.0
p[138],0.001,0.003,0.0,0.006,0.0,0.0,29554.0,19931.0,1.0
p[139],0.0,0.001,0.0,0.002,0.0,0.0,26012.0,16700.0,1.0
p[140],0.001,0.002,0.0,0.005,0.0,0.0,30151.0,19567.0,1.0
p[141],0.0,0.0,0.0,0.001,0.0,0.0,19509.0,16358.0,1.0
p[142],0.001,0.002,0.0,0.004,0.0,0.0,23985.0,14822.0,1.0
p[143],0.001,0.001,0.0,0.003,0.0,0.0,25957.0,14882.0,1.0
p[144],0.001,0.002,0.0,0.004,0.0,0.0,24429.0,14501.0,1.0
p[145],0.003,0.002,0.001,0.007,0.0,0.0,57982.0,22393.0,1.0
p[146],0.0,0.0,0.0,0.001,0.0,0.0,22168.0,16286.0,1.0
p[147],0.011,0.004,0.003,0.019,0.0,0.0,46333.0,22259.0,1.0
p[148],0.001,0.001,0.0,0.003,0.0,0.0,28123.0,18674.0,1.0
p[149],0.013,0.005,0.004,0.024,0.0,0.0,46843.0,23739.0,1.0
p[150],0.001,0.001,0.0,0.002,0.0,0.0,22869.0,16286.0,1.0
p[151],0.0,0.0,0.0,0.0,0.0,0.0,20534.0,16864.0,1.0
p[152],0.001,0.003,0.0,0.006,0.0,0.0,29349.0,19534.0,1.0
p[153],0.002,0.004,0.0,0.008,0.0,0.0,27151.0,16743.0,1.0
p[154],0.001,0.002,0.0,0.004,0.0,0.0,25405.0,14299.0,1.0
p[155],0.0,0.0,0.0,0.001,0.0,0.0,22196.0,15417.0,1.0
p[156],0.004,0.007,0.0,0.017,0.0,0.0,29811.0,18019.0,1.0
p[157],0.006,0.012,0.0,0.025,0.0,0.0,26407.0,18114.0,1.0
p[158],0.001,0.002,0.0,0.004,0.0,0.0,27947.0,18561.0,1.0
p[159],0.001,0.002,0.0,0.006,0.0,0.0,28628.0,16687.0,1.0
p[160],0.002,0.005,0.0,0.01,0.0,0.0,29146.0,18042.0,1.0
p[161],0.004,0.008,0.0,0.017,0.0,0.0,25180.0,19570.0,1.0
p[162],0.002,0.004,0.0,0.007,0.0,0.0,33423.0,20810.0,1.0
p[163],0.001,0.002,0.0,0.005,0.0,0.0,25917.0,14265.0,1.0
p[164],0.003,0.007,0.0,0.012,0.0,0.0,36993.0,20223.0,1.0
p[165],0.001,0.002,0.0,0.005,0.0,0.0,30345.0,17152.0,1.0
p[166],0.007,0.008,0.0,0.022,0.0,0.0,50342.0,23319.0,1.0
p[167],0.002,0.002,0.0,0.005,0.0,0.0,45981.0,22961.0,1.0
beta_endowment,0.024,5.041,-10.011,9.56,0.02,0.032,60985.0,22349.0,1.0
beta_birth,-0.35,0.237,-0.815,0.12,0.002,0.001,11112.0,15123.0,1.0
beta_unemp,-0.423,0.315,-1.033,0.208,0.004,0.002,7629.0,12767.0,1.0
beta_religion,0.175,0.645,-1.099,1.433,0.006,0.004,13075.0,18723.0,1.0
