index,name,yearEstablished,state,stateAbbr,locationType,locationTypeKind,Public/ Private,type,level,hasUndergrad,hasGrad,totalEnrollment,hasReligionAffiliation,religionAffiliation,hasSpecialDemographic,specialDemographic,Carnegie Classification,Carnegie Classification 2,yearClosed,isMerged,mergingInstitutionPopulation,mergingInstitutionType,mergingInstitutionLocationType,mergingInstitutionReligiousAffiliation,reasonFinancial,reasonEnrollment,reasonPandemic,reasonMutualBenefit,EndowmentMedian2018,EndowmentMedian2019,EndowmentMedian2020,EndowmentMedian2021,EndowmentMedian2022,EndowmentMedian2023,EndowmentMedian2024,region,Births,Total Population,Birth Rate,Female Population,Fertility Rate,percentOfTotalBirths,regionBirths,regionPopulation,regionBirthRate,regionFemalePopulation,regionFertilityRate,regionPercentOfTotalBirths,unemploymentRate,perCapitaPersonalIncome2018,perCapitaPersonalIncome2019,perCapitaPersonalIncome2020,perCapitaPersonalIncome2021,perCapitaPersonalIncome2022,perCapitaPersonalIncome2023,perCapitaPersonalIncome2024,highSchoolACGR,twoYearStudentShare2019,fourYearStudentShare2019,twoYearStudentShare2020,fourYearStudentShare2020,twoYearStudentShare2021,fourYearStudentShare2021,twoYearStudentShare2022,fourYearStudentShare2022,twoYearStudentShare2023,fourYearStudentShare2023,twoYearStudentShare2024,fourYearStudentShare2024,fourYearAppropriationsPerFTE2019,twoYearAppropriationsPerFTE2019,fourYearNetTuitionRevenuePerFTE2019,twoYearNetTuitionRevenuePerFTE2019,fourYearAppropriationsPerFTE2020,twoYearAppropriationsPerFTE2020,fourYearNetTuitionRevenuePerFTE2020,twoYearNetTuitionRevenuePerFTE2020,fourYearAppropriationsPerFTE2021,twoYearAppropriationsPerFTE2021,fourYearNetTuitionRevenuePerFTE2021,twoYearNetTuitionRevenuePerFTE2021,fourYearAppropriationsPerFTE2022,twoYearAppropriationsPerFTE2022,fourYearNetTuitionRevenuePerFTE2022,twoYearNetTuitionRevenuePerFTE2022,fourYearAppropriationsPerFTE2023,twoYearAppropriationsPerFTE2023,fourYearNetTuitionRevenuePerFTE2023,twoYearNetTuitionRevenuePerFTE2023,fourYearAppropriationsPerFTE2024,twoYearAppropriationsPerFTE2024,fourYearNetTuitionRevenuePerFTE2024,twoYearNetTuitionRevenuePerFTE2024,population18to24yo_2018,population18to24yoHighSchoolGrad_2018,population25yoAndOver_2018,population25yoAndOverHighSchoolGrad_2018,population18to24yoSomeCollegeOrHigher_2018,population25yoAndOverSomeCollegeOrHigher_2018,population18to24yo_2019,population18to24yoHighSchoolGrad_2019,population25yoAndOver_2019,population25yoAndOverHighSchoolGrad_2019,population18to24yoSomeCollegeOrHigher_2019,population25yoAndOverSomeCollegeOrHigher_2019,population18to24yo_2020,population18to24yoHighSchoolGrad_2020,population25yoAndOver_2020,population25yoAndOverHighSchoolGrad_2020,population18to24yoSomeCollegeOrHigher_2020,population25yoAndOverSomeCollegeOrHigher_2020,population18to24yo_2021,population18to24yoHighSchoolGrad_2021,population25yoAndOver_2021,population25yoAndOverHighSchoolGrad_2021,population18to24yoSomeCollegeOrHigher_2021,population25yoAndOverSomeCollegeOrHigher_2021,population18to24yo_2022,population18to24yoHighSchoolGrad_2022,population25yoAndOver_2022,population25yoAndOverHighSchoolGrad_2022,population18to24yoSomeCollegeOrHigher_2022,population25yoAndOverSomeCollegeOrHigher_2022,population18to24yo_2023,population18to24yoHighSchoolGrad_2023,population25yoAndOver_2023,population25yoAndOverHighSchoolGrad_2023,population18to24yoSomeCollegeOrHigher_2023,population25yoAndOverSomeCollegeOrHigher_2023
0.0,Alderson Broaddus University,1871.0,West Virginia,WV,Rural,Distant,Private,Nonprofit,4-year,,,767.0,1.0,Baptist,0.0,,Baccalaureate Colleges,Diverse Fields,2023.0,No,,,,,1.0,0.0,0.0,0.0,18150386.0,17367369.0,18456342.0,18685108.0,16256321.0,0.0,0.0,South,104440.0,10710952.0,9.75,1888053.0,55.32,0.47,8821173.0,763063961.0,11.56,150408029.0,58.65,39.95,3.8,41828.0,42719.0,48174.0,51918.0,51075.0,53695.0,55532.0,91.0,0.373155972190066,0.682009863354237,0.342382621157803,0.646489251277912,0.302949151032579,0.630556100805872,0.28165355172888,0.644577975141069,0.276354842717345,0.645498371338462,0.300746949548175,0.648330991754074,4595.710383596692,6167.314283134706,8027.624493252374,3576.478512098231,5257.320621209336,6901.164748527412,8026.086252527109,3528.440779338468,5488.270802448018,8153.893675721562,8034.156194168852,3491.88996179966,5781.374937683211,9242.957444367974,8701.384389893712,3594.4879559532,6000.308115853035,9304.54933575565,8615.166124245216,3526.6671965482,6171.073142176396,8837.371024734983,8627.31407386107,3774.469860735814,163597.0,59524.0,1292084.0,523536.0,84079.0,594318.0,160440.0,59165.0,1287427.0,519091.0,82395.0,599712.0,158340.0,59659.0,1283869.0,513143.0,80511.0,611695.0,156640.0,61282.0,1277914.0,512232.0,77499.0,613101.0,161654.0,64308.0,1271529.0,502333.0,79342.0,622195.0,155849.0,63691.0,1269202.0,501118.0,75699.0,623530.0
1.0,Alliance University (Formerly Nyack College),1882.0,New York,NY,City,Large,Private,Nonprofit,4-year,,,2479.0,1.0,Christian,0.0,,Master's Colleges & Universities,Larger Programs,2023.0,No,,,,,0.0,0.0,0.0,0.0,4255808.0,4393633.0,4577611.0,3736796.0,622193.0,0.0,0.0,Northeast,1279243.0,117416826.0,10.89,23255110.0,55.01,5.79,3527918.0,339127512.0,10.4,65420694.0,53.93,15.98,4.2,64953.0,66981.0,72301.0,78501.0,79182.0,82699.0,87061.0,87.0,0.319176625274596,0.338121397700166,0.320485681192228,0.333944812419416,0.316172147567204,0.323284166365586,0.30269033618776,0.318614252950784,0.297161654277955,0.324463325720936,0.305294744760275,0.299037635834988,13905.27411277699,9263.23753028816,7103.524274812894,4342.695923486541,14214.10919212851,9651.185525634386,7126.628718435063,4551.878719674939,13700.20766269627,10291.78969515402,6544.933623738598,4758.474283623391,14814.32229096918,11931.37907173214,6927.139656427767,5179.209940475806,16246.53910687995,12762.62252591281,7803.286351106238,5396.065888848378,17816.88473964304,12332.13857261348,7600.863274355621,5419.474042376715,1870478.0,492098.0,13606342.0,3556251.0,1159880.0,8210242.0,1831883.0,490373.0,13631937.0,3541274.0,1136076.0,8294069.0,1794550.0,486734.0,13649157.0,3474389.0,1115411.0,8430878.0,1816269.0,502020.0,14081080.0,3553598.0,1124221.0,8757825.0,1844128.0,527054.0,14021808.0,3494392.0,1129113.0,8786629.0,1766904.0,520830.0,13996138.0,3437438.0,1074524.0,8860163.0
3.0,Ancilla College,1937.0,Indiana,IN,Rural,Distant,Private,Nonprofit,2-year,,,469.0,1.0,Roman Catholic,0.0,,Associate's Colleges,Mixed Transfer/Career & Technical-High Traditional,2021.0,Yes,3701,private nonprofit,City: Large,Catholic,0.0,0.0,0.0,1.0,4110469.0,4351295.0,4394680.0,0.0,0.0,0.0,0.0,Midwest,479716.0,40680271.0,11.79,7927380.0,60.51,2.17,4578485.0,411492814.0,11.13,79003664.0,57.95,20.73,3.9,47188.0,48727.0,53102.0,59797.0,60165.0,61943.0,64153.0,88.0,0.382934262000274,0.657572633755372,0.377177287070132,0.667373223935557,0.36810338247564,0.683609945887111,0.340504195416424,0.684439650338261,0.353355111468034,0.688960434683166,0.363928508121728,0.675676694071124,6196.726977652039,5138.773692363056,11464.81076605917,3128.740131115735,6107.683470272581,5246.473878695209,11734.48617909352,3117.277124745158,5868.818478157552,5417.856379630102,12036.9594015063,3094.551239514743,6367.411743036074,5789.058049417471,13172.73620108249,2934.630081231875,6329.996678422279,5476.906026557712,13403.01158279161,2945.517588100102,6766.259338707245,5436.943204073639,13526.61022383849,3069.965588777183,663318.0,210738.0,4399815.0,1475931.0,348844.0,2421260.0,662719.0,215401.0,4430493.0,1480084.0,346717.0,2455019.0,659700.0,224023.0,4466180.0,1482396.0,340559.0,2507359.0,658039.0,231999.0,4501214.0,1485995.0,333089.0,2554739.0,674851.0,243838.0,4532091.0,1495818.0,334872.0,2583019.0,656377.0,244351.0,4559304.0,1496214.0,319682.0,2617439.0
4.0,Becker College,1784.0,Massachusetts,MA,City,Midsize,Private,Nonprofit,4-year,,,1973.0,0.0,,0.0,,Baccalaureate Colleges,Diverse Fields,2021.0,No,,,,,0.0,1.0,1.0,0.0,4962182.0,5116037.0,5024459.0,0.0,0.0,0.0,0.0,Northeast,409468.0,41656322.0,9.83,8419406.0,48.63,1.85,3527918.0,339127512.0,10.4,65420694.0,53.93,15.98,4.6,70234.0,72658.0,79602.0,85585.0,88976.0,90904.0,94849.0,90.0,0.321843436680273,0.438978799448067,0.320300972986176,0.43253682270684,0.276225207859441,0.399763682556682,0.232633307549778,0.382346028782863,0.197909433470372,0.430031607047201,0.142292270460623,0.378556933540217,10224.08940720903,8179.07168818651,7999.980195063694,3881.670816683066,10725.1575452152,9075.796526001704,8175.024835560542,4276.873060528559,12243.9080756922,10521.3160057334,8154.571189682181,4015.410224558051,12540.335096103,12217.4752565505,7762.837360460756,3703.824660103141,15683.12333141726,15259.62961275626,11832.65390347236,3765.191585153424,17907.35284887296,16706.94986788879,10908.40488559978,2771.654897467674,701501.0,190483.0,4748795.0,1150846.0,437305.0,3143589.0,697610.0,188360.0,4781683.0,1148525.0,437646.0,3191214.0,695702.0,192220.0,4815331.0,1133358.0,434589.0,3252179.0,699260.0,197127.0,4902868.0,1137085.0,433205.0,3332568.0,697088.0,205983.0,4920101.0,1127899.0,421962.0,3360615.0,678357.0,206559.0,4945630.0,1129802.0,408550.0,3390619.0
5.0,Bloomfield College,1868.0,New Jersey,NJ,Suburb,Large,Private,Nonprofit,4-year,,,1737.0,1.0,Presbyterian,0.0,,Baccalaureate Colleges,Arts & Sciences Focus,2023.0,No,,,,,1.0,0.0,0.0,0.0,15133518.0,14255359.0,14209684.0,17019652.0,14833362.0,0.0,0.0,Northeast,604153.0,54492751.0,11.09,10293179.0,58.69,2.74,3527918.0,339127512.0,10.4,65420694.0,53.93,15.98,4.8,65121.0,67822.0,71195.0,78329.0,78782.0,82260.0,84909.0,85.0,0.412380276697915,0.56538024912682,0.37489222551343,0.517481697051793,0.426834250301825,0.574795425134789,0.373883577468188,0.52305026810773,0.336459076292044,0.498484440966102,0.306598955610108,0.444746849100646,8550.078095676285,4634.70932094811,11122.47032969694,3252.550308295964,10230.34565529623,5350.921811291299,10971.63900059844,3209.077007610381,8047.561655567267,4623.252067667035,10878.76729589881,3442.917395706534,10632.88303876476,6079.490830321395,11660.62574795669,3630.350041984594,11764.97804173395,6281.062673130194,11693.87149904118,3184.913649823288,13344.97529568808,6595.442625589149,10689.06264551579,2916.286090355213,778901.0,219628.0,6129542.0,1683568.0,470823.0,3804861.0,770603.0,219599.0,6146379.0,1670942.0,467725.0,3849506.0,762464.0,220739.0,6169501.0,1649853.0,463681.0,3918887.0,781976.0,230051.0,6411606.0,1693560.0,473299.0,4109169.0,806499.0,242131.0,6427003.0,1674625.0,483882.0,4150637.0,776472.0,239785.0,6459220.0,1662983.0,459815.0,4195501.0
6.0,Bluffton University ,1899.0,Ohio,OH,Town,Distant,Private,Nonprofit,4-year,,,745.0,1.0,Mennonite,0.0,,Baccalaureate Colleges,Diverse Fields,2025.0,Yes,4869,private nonprofit,Town: Distant,Churches of God,0.0,0.0,0.0,1.0,25253518.0,23136427.0,21905880.0,25754825.0,23552031.0,26139206.404541,28514791.8083496,Midwest,783704.0,70393769.0,11.13,13365288.0,58.64,3.55,4578485.0,411492814.0,11.13,79003664.0,57.95,20.73,4.9,48542.0,49907.0,54936.0,60407.0,59376.0,62342.0,65011.0,86.0,0.335127232203971,0.653931990127864,0.325887420110107,0.666050771417208,0.306556218349465,0.621665949914992,0.312281462945019,0.641646110478048,0.297962103315946,0.643237315707079,0.316398625962724,0.638581010016603,5251.400115563879,6658.002238715663,9923.074166251867,3355.947138074301,5354.932404696776,6305.153275327725,10680.23685567835,3048.111243719802,6683.385569001761,6462.055922545052,10981.91726985209,2856.732555396258,6191.584518887098,6251.057747929259,11086.2648359692,2838.500568614283,6448.096648183465,7069.309839329164,11625.81335438068,3000.388495646403,6737.010510690257,7887.794682600592,11903.43367570889,3650.793421773928,1086626.0,362436.0,7937085.0,2639478.0,579754.0,4511447.0,1074610.0,365047.0,7975777.0,2634997.0,569276.0,4573402.0,1066321.0,370168.0,8014966.0,2629870.0,560424.0,4646326.0,1062481.0,376907.0,8077453.0,2636855.0,552781.0,4724847.0,1083657.0,398472.0,8097704.0,2625857.0,549296.0,4775443.0,1046523.0,394170.0,8123344.0,2624935.0,524012.0,4817855.0
7.0,Cabrini University,1957.0,Pennsylvania,PA,Suburb,Large,Private,Nonprofit,4-year,,,1613.0,1.0,Roman Catholic,0.0,,Master's Colleges & Universities,Medium Programs,2024.0,No,,,,,1.0,0.0,0.0,0.0,45558371.0,42166174.0,41953130.0,48000292.0,39117750.0,38884764.2026367,0.0,Northeast,790421.0,77290050.0,10.23,14466075.0,54.64,3.58,3527918.0,339127512.0,10.4,65420694.0,53.93,15.98,3.9,55346.0,56634.0,62463.0,66449.0,66580.0,69555.0,72220.0,87.0,0.453262236295769,0.737395242246926,0.43406383832291,0.730157593752249,0.393072926029577,0.723690207744104,0.37570067112594,0.71005516404572,0.349193171904804,0.662087812097084,0.347295920187268,0.673993635830203,4734.235453046467,5156.978819440103,13293.75266702426,4275.292301729204,4927.081093366828,5550.373798568507,13332.02488585841,4257.046497955011,5085.299947138297,6539.113322990822,13319.04217052612,4235.020182395499,5435.777832816813,7018.755710204146,13311.84984927772,4223.857224944534,6738.651359043998,7804.851010996807,13203.36790005432,4187.726008885285,6378.559406265162,7868.163744040648,13187.19177932505,4186.554446625645,1194488.0,399558.0,8921363.0,3133655.0,652406.0,4913690.0,1174907.0,399119.0,8954232.0,3106571.0,634591.0,4998751.0,1155305.0,398001.0,8989998.0,3072381.0,618774.0,5107650.0,1154671.0,408026.0,9111497.0,3079339.0,608820.0,5244782.0,1196563.0,425015.0,9128083.0,3058744.0,631016.0,5308145.0,1159561.0,418796.0,9153146.0,3039316.0,607030.0,5373094.0
8.0,Cardinal Stritch University,1937.0,Wisconsin,WI,Suburb,Large,Private,Nonprofit,4-year,,,2345.0,1.0,Roman Catholic,0.0,,Doctoral/Professional Universities,Mixed Transfer/Career & Technical-High Traditional,2023.0,No,,,,,1.0,1.0,1.0,0.0,12087176.0,12481793.0,12499997.0,13653757.0,13809203.0,0.0,0.0,Midwest,369546.0,35168059.0,10.51,6601801.0,55.98,1.67,4578485.0,411492814.0,11.13,79003664.0,57.95,20.73,3.3,51204.0,52932.0,57292.0,62713.0,62898.0,65848.0,68347.0,90.0,0.197554155670833,0.621340722207562,0.168298403058561,0.624332641243851,0.157908117818982,0.601071384139845,0.151027906170747,0.595107790037407,0.145174194789221,0.613409556957027,0.150049152517013,0.605136240792512,5142.666671511628,11039.17300913204,8438.584265988373,2717.734185472007,5127.979132537914,12437.12952078863,8522.339461861338,2516.706766800386,5905.467953293174,13782.56374560124,8897.852035572558,2584.490773324178,6255.9829557539,13955.92757061183,9195.000792073399,2482.689990613534,6148.822223044475,14025.16030394428,9756.439621105603,2381.878672243422,6652.688282312554,13845.76734384084,10195.37165528427,2444.312705897552,558562.0,177830.0,3930889.0,1216570.0,319842.0,2397145.0,554108.0,177163.0,3955705.0,1211981.0,317229.0,2435508.0,550536.0,176425.0,3982118.0,1205321.0,315122.0,2481590.0,551032.0,182125.0,4027685.0,1209751.0,309244.0,2532659.0,565156.0,192847.0,4047831.0,1211254.0,312313.0,2557172.0,548130.0,194507.0,4069583.0,1207407.0,296909.0,2592745.0
9.0,Cazenovia College,1824.0,New York,NY,Town,Fringe,Private,Nonprofit,4-year,,,1154.0,0.0,,0.0,,Baccalaureate Colleges,Diverse Fields,2023.0,No,,,,,1.0,1.0,1.0,0.0,7668092.0,4013265.0,4104798.0,4150188.0,3841688.0,0.0,0.0,Northeast,1279243.0,117416826.0,10.89,23255110.0,55.01,5.79,3527918.0,339127512.0,10.4,65420694.0,53.93,15.98,4.2,64953.0,66981.0,72301.0,78501.0,79182.0,82699.0,87061.0,87.0,0.319176625274596,0.338121397700166,0.320485681192228,0.333944812419416,0.316172147567204,0.323284166365586,0.30269033618776,0.318614252950784,0.297161654277955,0.324463325720936,0.305294744760275,0.299037635834988,13905.27411277699,9263.23753028816,7103.524274812894,4342.695923486541,14214.10919212851,9651.185525634386,7126.628718435063,4551.878719674939,13700.20766269627,10291.78969515402,6544.933623738598,4758.474283623391,14814.32229096918,11931.37907173214,6927.139656427767,5179.209940475806,16246.53910687995,12762.62252591281,7803.286351106238,5396.065888848378,17816.88473964304,12332.13857261348,7600.863274355621,5419.474042376715,1870478.0,492098.0,13606342.0,3556251.0,1159880.0,8210242.0,1831883.0,490373.0,13631937.0,3541274.0,1136076.0,8294069.0,1794550.0,486734.0,13649157.0,3474389.0,1115411.0,8430878.0,1816269.0,502020.0,14081080.0,3553598.0,1124221.0,8757825.0,1844128.0,527054.0,14021808.0,3494392.0,1129113.0,8786629.0,1766904.0,520830.0,13996138.0,3437438.0,1074524.0,8860163.0
10.0,Chatfield College,1971.0,Ohio,OH,City,Midsize,Private,Nonprofit,2-year,,,358.0,1.0,Roman Catholic,0.0,,Associate's Colleges,High Transfer-High Nontraditional,2023.0,No,,,,,0.0,1.0,1.0,0.0,4771003.0,5042892.0,5145354.0,6042022.0,4705167.0,0.0,0.0,Midwest,783704.0,70393769.0,11.13,13365288.0,58.64,3.55,4578485.0,411492814.0,11.13,79003664.0,57.95,20.73,4.9,48542.0,49907.0,54936.0,60407.0,59376.0,62342.0,65011.0,86.0,0.335127232203971,0.653931990127864,0.325887420110107,0.666050771417208,0.306556218349465,0.621665949914992,0.312281462945019,0.641646110478048,0.297962103315946,0.643237315707079,0.316398625962724,0.638581010016603,5251.400115563879,6658.002238715663,9923.074166251867,3355.947138074301,5354.932404696776,6305.153275327725,10680.23685567835,3048.111243719802,6683.385569001761,6462.055922545052,10981.91726985209,2856.732555396258,6191.584518887098,6251.057747929259,11086.2648359692,2838.500568614283,6448.096648183465,7069.309839329164,11625.81335438068,3000.388495646403,6737.010510690257,7887.794682600592,11903.43367570889,3650.793421773928,1086626.0,362436.0,7937085.0,2639478.0,579754.0,4511447.0,1074610.0,365047.0,7975777.0,2634997.0,569276.0,4573402.0,1066321.0,370168.0,8014966.0,2629870.0,560424.0,4646326.0,1062481.0,376907.0,8077453.0,2636855.0,552781.0,4724847.0,1083657.0,398472.0,8097704.0,2625857.0,549296.0,4775443.0,1046523.0,394170.0,8123344.0,2624935.0,524012.0,4817855.0
11.0,Compass College of Film and Media,1997.0,Michigan,MI,City,Midsize,Private,Nonprofit,4-year,,,114.0,1.0,Christian,0.0,,Special Focus Four-Year,"Arts, Music & Design Schools",2023.0,Yes,3231,private nonprofit,City: Midsize,Christian Reformed Church,0.0,0.0,0.0,1.0,,,,,,,,Midwest,628417.0,60071512.0,10.46,11321208.0,55.51,2.85,4578485.0,411492814.0,11.13,79003664.0,57.95,20.73,5.5,47508.0,49057.0,56065.0,59953.0,58800.0,61495.0,63816.0,81.0,0.394102585019481,0.743472444051968,0.382316988335313,0.746475256650925,0.324003602738521,0.735886836650953,0.307078586605471,0.692475780692521,0.301607508488779,0.713339584293587,0.281717926939135,0.716718277510671,5513.253842338126,8284.417689530686,15978.6043011785,5388.553154547018,5608.259628132709,9168.295361805056,16512.89333724378,5674.747410402703,6003.198860502822,10710.37032222754,16726.44772121298,5133.457197587936,7708.980681041634,11384.45558081977,17358.90079639666,5045.193381894279,7213.204354572871,12585.9878318926,17949.68511099032,5435.379787135395,7275.017330439173,13840.37799709493,18406.1924084391,5428.344578864636,989175.0,293587.0,6772215.0,1966809.0,569252.0,4163870.0,973907.0,296389.0,6813480.0,1967316.0,554705.0,4219974.0,958470.0,299275.0,6853674.0,1955654.0,540352.0,4301707.0,950524.0,305689.0,6923132.0,1971279.0,530378.0,4368952.0,970018.0,323186.0,6938439.0,1970618.0,530911.0,4395419.0,929350.0,319589.0,6967452.0,1964538.0,498409.0,4438012.0
12.0,Concordia College,1881.0,New York,NY,Suburb,Large,Private,Nonprofit,4-year,,,2418.0,1.0,Lutheran,0.0,,Baccalaureate Colleges,Diverse Fields,2021.0,Yes,3621,private nonprofit,Suburb: Large,Catholic,1.0,0.0,1.0,0.0,12661592.0,13291392.0,14216528.0,0.0,0.0,0.0,0.0,Northeast,1279243.0,117416826.0,10.89,23255110.0,55.01,5.79,3527918.0,339127512.0,10.4,65420694.0,53.93,15.98,4.2,64953.0,66981.0,72301.0,78501.0,79182.0,82699.0,87061.0,87.0,0.319176625274596,0.338121397700166,0.320485681192228,0.333944812419416,0.316172147567204,0.323284166365586,0.30269033618776,0.318614252950784,0.297161654277955,0.324463325720936,0.305294744760275,0.299037635834988,13905.27411277699,9263.23753028816,7103.524274812894,4342.695923486541,14214.10919212851,9651.185525634386,7126.628718435063,4551.878719674939,13700.20766269627,10291.78969515402,6544.933623738598,4758.474283623391,14814.32229096918,11931.37907173214,6927.139656427767,5179.209940475806,16246.53910687995,12762.62252591281,7803.286351106238,5396.065888848378,17816.88473964304,12332.13857261348,7600.863274355621,5419.474042376715,1870478.0,492098.0,13606342.0,3556251.0,1159880.0,8210242.0,1831883.0,490373.0,13631937.0,3541274.0,1136076.0,8294069.0,1794550.0,486734.0,13649157.0,3474389.0,1115411.0,8430878.0,1816269.0,502020.0,14081080.0,3553598.0,1124221.0,8757825.0,1844128.0,527054.0,14021808.0,3494392.0,1129113.0,8786629.0,1766904.0,520830.0,13996138.0,3437438.0,1074524.0,8860163.0
13.0,Finlandia University,1896.0,Michigan,MI,Town,Remote,Private,Nonprofit,4-year,,,478.0,1.0,Evangelical Lutheran,0.0,,Baccalaureate Colleges,Diverse Fields,2023.0,No,,,,,1.0,1.0,0.0,0.0,7958061.0,5704166.0,5786875.0,5971713.0,5971714.0,0.0,0.0,Midwest,628417.0,60071512.0,10.46,11321208.0,55.51,2.85,4578485.0,411492814.0,11.13,79003664.0,57.95,20.73,5.5,47508.0,49057.0,56065.0,59953.0,58800.0,61495.0,63816.0,81.0,0.394102585019481,0.743472444051968,0.382316988335313,0.746475256650925,0.324003602738521,0.735886836650953,0.307078586605471,0.692475780692521,0.301607508488779,0.713339584293587,0.281717926939135,0.716718277510671,5513.253842338126,8284.417689530686,15978.6043011785,5388.553154547018,5608.259628132709,9168.295361805056,16512.89333724378,5674.747410402703,6003.198860502822,10710.37032222754,16726.44772121298,5133.457197587936,7708.980681041634,11384.45558081977,17358.90079639666,5045.193381894279,7213.204354572871,12585.9878318926,17949.68511099032,5435.379787135395,7275.017330439173,13840.37799709493,18406.1924084391,5428.344578864636,989175.0,293587.0,6772215.0,1966809.0,569252.0,4163870.0,973907.0,296389.0,6813480.0,1967316.0,554705.0,4219974.0,958470.0,299275.0,6853674.0,1955654.0,540352.0,4301707.0,950524.0,305689.0,6923132.0,1971279.0,530378.0,4368952.0,970018.0,323186.0,6938439.0,1970618.0,530911.0,4395419.0,929350.0,319589.0,6967452.0,1964538.0,498409.0,4438012.0
14.0,Fontbonne University,1923.0,Missouri,MO,Suburb,Large,Private,Nonprofit,4-year,,,944.0,1.0,Roman Catholic,0.0,,Master's Colleges & Universities,Medium Programs,2025.0,No,,,,,1.0,1.0,0.0,0.0,14669491.0,15210260.0,15252781.0,17302502.0,14138749.0,12923061.9995117,10325215.7990722,Midwest,420242.0,36957728.0,11.37,7119267.0,59.03,1.9,4578485.0,411492814.0,11.13,79003664.0,57.95,20.73,3.9,47388.0,49173.0,54330.0,59202.0,60469.0,63390.0,65415.0,90.0,0.303594436110713,0.554760969973304,0.282349932837393,0.52214401381573,0.261464384123713,0.483796057622182,0.230441965226767,0.485114966215978,0.257302874273735,0.557552976300883,0.25195072916606,0.563784053016873,6223.428129124773,5666.717443319669,7754.295541577721,2470.37642432862,7255.164527546387,7211.121089201149,7927.578259626041,2837.120274047046,8468.861857749567,8608.83623182419,7937.176846137476,3047.793518671514,8792.713211734086,10918.4826735117,8284.328525358524,3269.508589199329,7143.713724018019,10343.2031913128,9002.205089702047,3583.339450411362,7441.157820982694,11380.12539960331,9617.269025733493,3832.94390386186,580161.0,177040.0,4124838.0,1266430.0,328953.0,2427879.0,573249.0,179190.0,4150049.0,1270622.0,322802.0,2461161.0,567945.0,184470.0,4176792.0,1275987.0,317103.0,2507760.0,561340.0,185856.0,4187819.0,1276601.0,310654.0,2533679.0,580838.0,195757.0,4199109.0,1280433.0,319886.0,2553713.0,564178.0,197116.0,4217432.0,1279442.0,305441.0,2583258.0
15.0,Hodges University,1990.0,Florida,FL,City,Small,Private,Nonprofit,4-year,,,443.0,0.0,,1.0,Military/Veteran,Master's Colleges & Universities,Small Programs,2024.0,No,,,,,1.0,0.0,0.0,0.0,2826636.0,2898507.0,2955963.0,2968254.0,2923606.0,2854597.79985046,0.0,South,1313318.0,131147051.0,10.01,23772622.0,55.24,5.95,8821173.0,763063961.0,11.56,150408029.0,58.65,39.95,3.7,52049.0,54246.0,58119.0,64409.0,65874.0,68695.0,71040.0,87.0,0.365265363092864,0.183260835102151,0.353393745166315,0.161530600512667,0.336059415085629,0.153180119942194,0.315825186552461,0.160106665316133,0.305363551063741,0.14033862098108,0.287770043055621,0.121996783428588,11133.8414518093,4487.681235610252,2498.223631296921,2582.487894401814,11369.25743044058,4632.32749582921,2190.280266930501,2531.734808239751,11426.55832315377,5030.911570806093,2066.934912236223,2546.440507249109,12119.57517177363,5631.63049918613,2310.322853712429,2599.643713918109,12998.78752718869,6108.412324566665,2122.035443855356,2685.270088616326,15162.56217877338,6741.36170781805,2106.807559965089,2723.785948621393,1762860.0,537561.0,14686727.0,4231678.0,951704.0,8685560.0,1753429.0,540717.0,14965745.0,4276237.0,948687.0,8921925.0,1747154.0,553823.0,15255326.0,4308542.0,941986.0,9194986.0,1729159.0,562927.0,15349290.0,4282929.0,923967.0,9383856.0,1819253.0,603531.0,15579847.0,4316799.0,974822.0,9592176.0,1773216.0,598276.0,15850299.0,4346402.0,947717.0,9860460.0
16.0,Holy Family College,1935.0,Wisconsin,WI,Town,Distant,Private,Nonprofit,4-year,,,534.0,1.0,Catholic,0.0,,Masters Colleges & Universities,Small Programs,2020.0,No,,,,,1.0,1.0,1.0,0.0,7048441.0,7050629.0,0.0,0.0,0.0,0.0,0.0,Midwest,369546.0,35168059.0,10.51,6601801.0,55.98,1.67,4578485.0,411492814.0,11.13,79003664.0,57.95,20.73,3.3,51204.0,52932.0,57292.0,62713.0,62898.0,65848.0,68347.0,90.0,0.197554155670833,0.621340722207562,0.168298403058561,0.624332641243851,0.157908117818982,0.601071384139845,0.151027906170747,0.595107790037407,0.145174194789221,0.613409556957027,0.150049152517013,0.605136240792512,5142.666671511628,11039.17300913204,8438.584265988373,2717.734185472007,5127.979132537914,12437.12952078863,8522.339461861338,2516.706766800386,5905.467953293174,13782.56374560124,8897.852035572558,2584.490773324178,6255.9829557539,13955.92757061183,9195.000792073399,2482.689990613534,6148.822223044475,14025.16030394428,9756.439621105603,2381.878672243422,6652.688282312554,13845.76734384084,10195.37165528427,2444.312705897552,558562.0,177830.0,3930889.0,1216570.0,319842.0,2397145.0,554108.0,177163.0,3955705.0,1211981.0,317229.0,2435508.0,550536.0,176425.0,3982118.0,1205321.0,315122.0,2481590.0,551032.0,182125.0,4027685.0,1209751.0,309244.0,2532659.0,565156.0,192847.0,4047831.0,1211254.0,312313.0,2557172.0,548130.0,194507.0,4069583.0,1207407.0,296909.0,2592745.0
17.0,Holy Names University,1868.0,California,CA,City,Large,Private,Nonprofit,4-year,,,1212.0,1.0,Roman Catholic,0.0,,Master's Colleges & Universities,Small Programs,2023.0,No,,,,,1.0,1.0,0.0,0.0,51917540.0,54171145.0,54619996.0,65883224.0,57903967.0,0.0,0.0,West,2561478.0,235669717.0,10.87,48016877.0,53.35,11.6,5153390.0,471302990.0,10.93,94808378.0,54.36,23.34,5.3,62167.0,65254.0,72352.0,78893.0,78356.0,81691.0,86834.0,87.0,0.0663481794444579,0.437179018650531,0.0639342019242999,0.430512319495541,0.0564649569981763,0.394138599176513,0.0473274734193507,0.364914104716416,0.0532828296454984,0.349392279302006,0.0525881847774574,0.33714038729625,10388.09365276867,10801.55757999399,8069.096105618215,767.5920132310735,10830.86579903077,10710.96860767353,8187.747192626317,731.5695447644778,10763.09820438927,13235.28652128942,7001.852970516516,792.0531302213708,12469.80164414525,16038.02895562432,7165.025293047439,796.7474320063013,13669.13700056634,14445.00935271975,7340.661324454512,812.9893453610767,14394.88282684835,13381.42160919109,7321.454314485081,742.765353843413,3856220.0,1152682.0,26218885.0,5391120.0,2254937.0,16352200.0,3789808.0,1151505.0,26471543.0,5423462.0,2220041.0,16629406.0,3724239.0,1164734.0,26665143.0,5431385.0,2176408.0,16947220.0,3665851.0,1177389.0,26797070.0,5477154.0,2123689.0,17083881.0,3738836.0,1238968.0,26842698.0,5485499.0,2135783.0,17171489.0,3572575.0,1217568.0,26941198.0,5496195.0,2010668.0,17295857.0
18.0,Independence University,1978.0,Utah,UT,Suburb,Large,Private,Nonprofit,4-year,,,11578.0,0.0,,0.0,,Special Focus Four-Year,Other Health Professions Schools,2021.0,No,,,,,0.0,0.0,0.0,0.0,,,,,,,,West,277236.0,19753451.0,14.03,4341180.0,63.86,1.26,5153390.0,471302990.0,10.93,94808378.0,54.36,23.34,3.1,46220.0,48748.0,53205.0,59964.0,62056.0,64708.0,66966.0,88.0,0.242090260332787,0.48075689214497,0.226775370086825,0.468047036603291,0.229894481402671,0.451150533406079,0.240254344543199,0.468459682833665,0.198445465731432,0.440001988400713,0.171954677935472,0.405046774585178,7645.872934389362,8877.628096934035,7079.162061210521,2835.677105915144,8372.414437177482,9802.245698471905,7366.598244915015,2874.853968635945,8233.293108720163,9671.186795360532,6767.711009612628,2887.075107470192,8961.155085135757,10689.3649775235,7897.688535434882,3380.297548017981,10216.72393670959,12278.62089880322,8027.49073028871,3039.888789383701,12318.50858824844,13587.94034669639,8386.4948675435,2821.717415535996,344236.0,106207.0,1782065.0,407324.0,197225.0,1231381.0,349213.0,110013.0,1824052.0,416545.0,199389.0,1266707.0,355198.0,114961.0,1868472.0,425180.0,201333.0,1311582.0,363447.0,120835.0,1921860.0,435611.0,202542.0,1353746.0,387893.0,131517.0,1959919.0,442373.0,213755.0,1385083.0,383971.0,132162.0,2003084.0,449786.0,210066.0,1418696.0
19.0,Indiana University-Purdue University Indianapolis,1969.0,Indiana,IN,City,Large,Public,Nonprofit,4-year,,,25979.0,0.0,,0.0,,Doctoral Universities,High Research Activity,2024.0,No,,,,,0.0,0.0,0.0,1.0,1177983781.0,1241294915.0,1147557403.0,2252019515.0,2180644869.0,2969128162.21875,0.0,Midwest,479716.0,40680271.0,11.79,7927380.0,60.51,2.17,4578485.0,411492814.0,11.13,79003664.0,57.95,20.73,3.9,47188.0,48727.0,53102.0,59797.0,60165.0,61943.0,64153.0,88.0,0.382934262000274,0.657572633755372,0.377177287070132,0.667373223935557,0.36810338247564,0.683609945887111,0.340504195416424,0.684439650338261,0.353355111468034,0.688960434683166,0.363928508121728,0.675676694071124,6196.726977652039,5138.773692363056,11464.81076605917,3128.740131115735,6107.683470272581,5246.473878695209,11734.48617909352,3117.277124745158,5868.818478157552,5417.856379630102,12036.9594015063,3094.551239514743,6367.411743036074,5789.058049417471,13172.73620108249,2934.630081231875,6329.996678422279,5476.906026557712,13403.01158279161,2945.517588100102,6766.259338707245,5436.943204073639,13526.61022383849,3069.965588777183,663318.0,210738.0,4399815.0,1475931.0,348844.0,2421260.0,662719.0,215401.0,4430493.0,1480084.0,346717.0,2455019.0,659700.0,224023.0,4466180.0,1482396.0,340559.0,2507359.0,658039.0,231999.0,4501214.0,1485995.0,333089.0,2554739.0,674851.0,243838.0,4532091.0,1495818.0,334872.0,2583019.0,656377.0,244351.0,4559304.0,1496214.0,319682.0,2617439.0
20.0,Iowa Wesleyan University,1842.0,Iowa,IA,Town,Remote,Private,Nonprofit,4-year,,,921.0,1.0,United Methodist Church,0.0,,Baccalaureate Colleges,Diverse Fields,2023.0,No,,,,,1.0,0.0,0.0,0.0,17472713.0,17400996.0,17463237.0,18321843.0,18993810.0,0.0,0.0,Midwest,220941.0,19075376.0,11.58,3613047.0,61.15,1.0,4578485.0,411492814.0,11.13,79003664.0,57.95,20.73,3.5,49815.0,50237.0,54978.0,60415.0,62643.0,62900.0,64243.0,90.0,0.548716867365305,0.680718121937639,0.50772055646054,0.673220586458897,0.495791339435006,0.66808137384433,0.487186456719213,0.669160567880259,0.490073387031007,0.673393566246005,0.494074849614989,0.681720029852408,6116.554013971281,4246.977026153497,13040.66859788213,5163.915424797778,6527.309525860831,4735.691240522665,13447.35612130611,4884.233586062268,6757.283648881239,5230.7717943272,13600.9702013021,5143.448649379236,6938.933724611939,5630.451680135276,14034.78660900456,5349.078314555929,7096.399298136162,5712.386838699556,14631.27831240739,5489.983646417507,7060.366961451946,5861.444210444211,15122.51485224787,5724.151417651417,321094.0,87035.0,2081373.0,648137.0,201176.0,1266527.0,317986.0,87211.0,2092785.0,648398.0,198106.0,1278873.0,316660.0,89028.0,2104864.0,647371.0,195839.0,1299092.0,317031.0,92321.0,2119884.0,648873.0,191644.0,1318631.0,327316.0,97371.0,2131202.0,652792.0,195522.0,1329765.0,318882.0,98705.0,2140476.0,649969.0,186762.0,1345388.0
21.0,Johnson University Florida,1893.0,Florida,FL,Suburb,Large,Private,Nonprofit,4-year,,,155.0,1.0,Christian Churches and Churches of Christ,0.0,,Special Focus Four-Year,Faith-Related Institutions,2024.0,No,,,,,1.0,1.0,0.0,0.0,1425097.0,1744966.0,1583206.0,1670154.0,1928898.0,2013530.19997406,0.0,South,1313318.0,131147051.0,10.01,23772622.0,55.24,5.95,8821173.0,763063961.0,11.56,150408029.0,58.65,39.95,3.7,52049.0,54246.0,58119.0,64409.0,65874.0,68695.0,71040.0,87.0,0.365265363092864,0.183260835102151,0.353393745166315,0.161530600512667,0.336059415085629,0.153180119942194,0.315825186552461,0.160106665316133,0.305363551063741,0.14033862098108,0.287770043055621,0.121996783428588,11133.8414518093,4487.681235610252,2498.223631296921,2582.487894401814,11369.25743044058,4632.32749582921,2190.280266930501,2531.734808239751,11426.55832315377,5030.911570806093,2066.934912236223,2546.440507249109,12119.57517177363,5631.63049918613,2310.322853712429,2599.643713918109,12998.78752718869,6108.412324566665,2122.035443855356,2685.270088616326,15162.56217877338,6741.36170781805,2106.807559965089,2723.785948621393,1762860.0,537561.0,14686727.0,4231678.0,951704.0,8685560.0,1753429.0,540717.0,14965745.0,4276237.0,948687.0,8921925.0,1747154.0,553823.0,15255326.0,4308542.0,941986.0,9194986.0,1729159.0,562927.0,15349290.0,4282929.0,923967.0,9383856.0,1819253.0,603531.0,15579847.0,4316799.0,974822.0,9592176.0,1773216.0,598276.0,15850299.0,4346402.0,947717.0,9860460.0
22.0,Judson College,1838.0,Alabama,AL,City,Midsize,Private,Nonprofit,4-year,,,80.0,1.0,Baptist,0.0,,Baccalaureate Colleges,Arts & Sciences Focus,2021.0,No,,,,,1.0,0.0,0.0,0.0,15388964.0,15479806.0,14047540.0,0.0,0.0,0.0,0.0,South,348084.0,29935229.0,11.63,5816314.0,59.85,1.58,8821173.0,763063961.0,11.56,150408029.0,58.65,39.95,3.3,41938.0,43372.0,47828.0,53279.0,52798.0,54869.0,57551.0,88.0,0.449355419687467,0.749527133971276,0.40892138396583,0.740036721884276,0.40200499522242,0.746187040966246,0.368463403407396,0.723433365567895,0.221044430847254,0.631661296022285,0.31412263950876,0.65801790975433,6066.658096665156,6307.824433274862,15348.66142105446,4745.989070300904,6374.18191735988,7998.695256851522,15579.25920496386,5177.320111906646,6445.357921569997,7878.70058942893,16060.97073715822,5064.376306889554,7512.197739827782,9138.238125911752,16827.45486146168,5115.434950646989,10843.06866955822,17754.00162959779,16946.399535186,4915.60264675334,9945.415185280084,11544.7214303399,17456.85934502746,5108.510168712199,465929.0,152557.0,3299958.0,1020172.0,248276.0,1809743.0,458997.0,152515.0,3320877.0,1022839.0,246425.0,1839116.0,456268.0,155009.0,3344006.0,1014342.0,245245.0,1890717.0,461491.0,161085.0,3413803.0,1041209.0,243960.0,1942547.0,488930.0,173641.0,3428520.0,1041725.0,256989.0,1965615.0,477950.0,172657.0,3448302.0,1046374.0,250114.0,1992547.0
23.0,Lincoln Christian University,1944.0,Illinois,IL,Town,Distant,Private,Nonprofit,4-year,,,258.0,1.0,Christian Churches and Churches of Christ,0.0,,Master's Colleges & Universities,Small Programs,2024.0,Yes,689,private nonprofit,City: Small,Restoration Movement of Christian Churches; Churches of Christ,1.0,1.0,0.0,0.0,5336831.0,5301066.0,5385565.0,5715377.0,5422682.0,5473834.60006713,0.0,Midwest,803600.0,75803621.0,10.6,14934897.0,53.81,3.64,4578485.0,411492814.0,11.13,79003664.0,57.95,20.73,4.8,56903.0,58328.0,63173.0,68959.0,69816.0,72744.0,75030.0,87.0,0.303775757055686,0.364187870884457,0.262839514801166,0.349845165470938,0.272655147781673,0.32438251365488,0.260057450318049,0.331156954346571,0.238774058241036,0.315090297074247,0.219575270309165,0.299894607617538,18149.74188891696,11419.09790140214,9904.92231164363,4982.367599297861,19169.84427176057,12695.93681572352,10031.12209498148,4526.821417579035,21029.92881216952,15345.38999602614,9740.984884569238,5752.428939825658,22064.86337566073,17241.19671847227,10630.722522632,6059.526730777996,22773.61919941376,18434.39508857198,10179.19546884065,5782.324386299893,24561.77506343786,20613.06702339302,10246.0538266345,5799.559638961574,1212593.0,350211.0,8682343.0,2267535.0,714422.0,5450221.0,1192806.0,349916.0,8686299.0,2254524.0,700870.0,5494733.0,1174031.0,352546.0,8686700.0,2220409.0,682964.0,5567953.0,1169584.0,358307.0,8764878.0,2226182.0,675513.0,5653375.0,1190741.0,380658.0,8746416.0,2215906.0,675081.0,5667774.0,1145167.0,379572.0,8738607.0,2207546.0,638169.0,5679738.0
24.0,Lincoln College,1865.0,Illinois,IL,Town,Distant,Private,Nonprofit,4-year,,,888.0,0.0,,1.0,Predominantly Black Institution,Baccalaureate/Associates Colleges,Mixed Baccalaureate/Associates,2022.0,No,,,,,1.0,1.0,1.0,0.0,1969345.0,20106194.0,21053451.0,23684584.0,0.0,0.0,0.0,Midwest,803600.0,75803621.0,10.6,14934897.0,53.81,3.64,4578485.0,411492814.0,11.13,79003664.0,57.95,20.73,4.8,56903.0,58328.0,63173.0,68959.0,69816.0,72744.0,75030.0,87.0,0.303775757055686,0.364187870884457,0.262839514801166,0.349845165470938,0.272655147781673,0.32438251365488,0.260057450318049,0.331156954346571,0.238774058241036,0.315090297074247,0.219575270309165,0.299894607617538,18149.74188891696,11419.09790140214,9904.92231164363,4982.367599297861,19169.84427176057,12695.93681572352,10031.12209498148,4526.821417579035,21029.92881216952,15345.38999602614,9740.984884569238,5752.428939825658,22064.86337566073,17241.19671847227,10630.722522632,6059.526730777996,22773.61919941376,18434.39508857198,10179.19546884065,5782.324386299893,24561.77506343786,20613.06702339302,10246.0538266345,5799.559638961574,1212593.0,350211.0,8682343.0,2267535.0,714422.0,5450221.0,1192806.0,349916.0,8686299.0,2254524.0,700870.0,5494733.0,1174031.0,352546.0,8686700.0,2220409.0,682964.0,5567953.0,1169584.0,358307.0,8764878.0,2226182.0,675513.0,5653375.0,1190741.0,380658.0,8746416.0,2215906.0,675081.0,5667774.0,1145167.0,379572.0,8738607.0,2207546.0,638169.0,5679738.0
25.0,MacMurray College,1846.0,Illinois,IL,Rural,Remote,Private,Nonprofit,4-year,,,588.0,1.0,United Methodist Church,0.0,,Baccalaureate Colleges,Diverse Fields,2020.0,No,,,,,1.0,0.0,0.0,0.0,15953169.0,14180173.0,0.0,0.0,0.0,0.0,0.0,Midwest,803600.0,75803621.0,10.6,14934897.0,53.81,3.64,4578485.0,411492814.0,11.13,79003664.0,57.95,20.73,4.8,56903.0,58328.0,63173.0,68959.0,69816.0,72744.0,75030.0,87.0,0.303775757055686,0.364187870884457,0.262839514801166,0.349845165470938,0.272655147781673,0.32438251365488,0.260057450318049,0.331156954346571,0.238774058241036,0.315090297074247,0.219575270309165,0.299894607617538,18149.74188891696,11419.09790140214,9904.92231164363,4982.367599297861,19169.84427176057,12695.93681572352,10031.12209498148,4526.821417579035,21029.92881216952,15345.38999602614,9740.984884569238,5752.428939825658,22064.86337566073,17241.19671847227,10630.722522632,6059.526730777996,22773.61919941376,18434.39508857198,10179.19546884065,5782.324386299893,24561.77506343786,20613.06702339302,10246.0538266345,5799.559638961574,1212593.0,350211.0,8682343.0,2267535.0,714422.0,5450221.0,1192806.0,349916.0,8686299.0,2254524.0,700870.0,5494733.0,1174031.0,352546.0,8686700.0,2220409.0,682964.0,5567953.0,1169584.0,358307.0,8764878.0,2226182.0,675513.0,5653375.0,1190741.0,380658.0,8746416.0,2215906.0,675081.0,5667774.0,1145167.0,379572.0,8738607.0,2207546.0,638169.0,5679738.0
26.0,Magdalen College of the Liberal Arts,1973.0,New Hampshire,NH,Rural,Distant,Private,Nonprofit,4-year,,,59.0,1.0,Roman Catholic,0.0,,Baccalaureate Colleges,Arts & Sciences Focus,2024.0,No,,,,,0.0,1.0,0.0,0.0,,,,,,,,Northeast,72263.0,8268721.0,8.74,1497455.0,48.26,0.33,3527918.0,339127512.0,10.4,65420694.0,53.93,15.98,3.1,60847.0,64115.0,68556.0,74338.0,76697.0,80304.0,83674.0,88.0,0.527678160697621,0.838934425839713,0.463046464967853,0.81613268910363,0.419746930693183,0.75109957922901,0.420721995422472,0.796263959977823,0.406463238466821,0.793897219288429,0.373768925313211,0.768343591730246,2588.123660377359,5124.658784126662,13480.63388679245,5725.270983456815,3051.586753003589,6709.445965338337,13545.0923310969,5785.948007506347,4507.002223869533,7785.435779816514,13600.64986409686,5631.875030994297,3493.273213750589,7872.494610778444,13652.80076201892,5717.689288090486,3563.73697652913,8325.146712328768,13727.32995728566,5701.190410958904,4089.121456771503,9774.683179096353,13562.54416004968,5834.065051714752,128944.0,41242.0,952115.0,263005.0,74887.0,621503.0,127823.0,41318.0,960337.0,263321.0,74005.0,630810.0,126351.0,41264.0,971162.0,264953.0,73413.0,640754.0,125454.0,42338.0,986106.0,269342.0,71663.0,653955.0,126069.0,43200.0,997353.0,270974.0,70321.0,664655.0,121706.0,41594.0,1009222.0,272558.0,68226.0,676667.0
27.0,Marlboro College,1946.0,Vermont,VT,Rural,Distant,Private,Nonprofit,4-year,,,154.0,0.0,,0.0,,Baccalaureate Colleges,Arts & Sciences Focus,2020.0,Yes,5891,private nonprofit,City: Large,,0.0,1.0,0.0,0.0,37619624.0,35733063.0,0.0,0.0,0.0,0.0,0.0,Northeast,31691.0,3813733.0,8.31,704655.0,44.97,0.14,3527918.0,339127512.0,10.4,65420694.0,53.93,15.98,2.7,52430.0,54461.0,61507.0,64176.0,65293.0,67895.0,70811.0,83.0,0.69374143941054,0.894471140521792,0.679199226920252,0.85469503360638,0.523030105965112,0.753615890045359,0.429656888679874,0.796286011195889,0.520203194223713,0.807660714583603,0.377201025238202,0.810083917653482,3097.717230147141,2996.038461538461,19505.76637088622,6786.670814479638,4027.175068082032,3313.514597119502,19174.96076251876,7015.371350720125,7070.383038703236,5936.702256244964,19000.5021436542,6510.0,5845.610973743082,6597.579146203249,19427.15895443306,4970.157914620325,5515.987958054851,5847.953622077424,19680.43397096105,6340.442698351859,5496.22518424689,8379.109583810614,19955.90914325196,5074.845742649866,66936.0,20981.0,439695.0,128172.0,39794.0,278816.0,67199.0,20982.0,440460.0,126832.0,40081.0,281352.0,66619.0,22155.0,442089.0,124892.0,38653.0,288440.0,68285.0,22803.0,454463.0,127128.0,39430.0,299420.0,67966.0,22803.0,459033.0,126697.0,39025.0,305749.0,65081.0,22221.0,462996.0,126179.0,37123.0,311491.0
28.0,Martin Methodist College (UT Southern),1870.0,Tennessee,TN,Town,Distant,Private,Nonprofit,4-year,,,885.0,0.0,,0.0,,Baccalaureate Colleges,Diverse Fields,2021.0,Yes,49000,public,Varies,,0.0,0.0,0.0,1.0,,,,,,,,South,486893.0,41639064.0,11.69,8166631.0,59.62,2.21,8821173.0,763063961.0,11.56,150408029.0,58.65,39.95,3.5,47201.0,49287.0,53227.0,59954.0,60264.0,63045.0,65596.0,90.0,0.173465890637839,0.512807152373333,0.176350050663348,0.492049893228173,0.135611657329929,0.46363967647071,0.0646712735936071,0.485629794347498,0.0196338404528849,0.450648151858201,0.0382610901889548,0.486095784157289,8815.183526671743,7670.248945495514,8871.725256415999,1608.237802783617,9471.028864159221,7918.543511702011,8791.2868582027,1694.270821887705,9958.147744350872,9932.275780718337,8262.33832513717,1557.394994328922,10202.41636622562,9008.325756116355,9266.531176767494,622.3483111796057,11729.82886890595,12533.62530522749,9315.801684221458,250.8701350475906,11580.8942631203,12875.22870950477,10590.27454759794,511.9521613197746,618989.0,219284.0,4530706.0,1467848.0,328069.0,2472588.0,617043.0,216051.0,4587393.0,1472003.0,331250.0,2540262.0,614531.0,216281.0,4649847.0,1479648.0,328047.0,2622466.0,616774.0,222324.0,4708480.0,1485813.0,325572.0,2693505.0,638580.0,235847.0,4758712.0,1498399.0,333505.0,2750162.0,622543.0,235339.0,4805533.0,1508292.0,321016.0,2797744.0
29.0,Marymount California University,1932.0,California,CA,Suburb,Large,Private,Nonprofit,4-year,,,514.0,1.0,Roman Catholic,0.0,,Baccalaureate Colleges,Diverse Fields,2022.0,Failed,10242,private nonprofit,Suburb: Small,Roman Catholic,1.0,1.0,1.0,0.0,12360679.0,12939075.0,13175412.0,10860257.0,0.0,0.0,0.0,West,2561478.0,235669717.0,10.87,48016877.0,53.35,11.6,5153390.0,471302990.0,10.93,94808378.0,54.36,23.34,5.3,62167.0,65254.0,72352.0,78893.0,78356.0,81691.0,86834.0,87.0,0.0663481794444579,0.437179018650531,0.0639342019242999,0.430512319495541,0.0564649569981763,0.394138599176513,0.0473274734193507,0.364914104716416,0.0532828296454984,0.349392279302006,0.0525881847774574,0.33714038729625,10388.09365276867,10801.55757999399,8069.096105618215,767.5920132310735,10830.86579903077,10710.96860767353,8187.747192626317,731.5695447644778,10763.09820438927,13235.28652128942,7001.852970516516,792.0531302213708,12469.80164414525,16038.02895562432,7165.025293047439,796.7474320063013,13669.13700056634,14445.00935271975,7340.661324454512,812.9893453610767,14394.88282684835,13381.42160919109,7321.454314485081,742.765353843413,3856220.0,1152682.0,26218885.0,5391120.0,2254937.0,16352200.0,3789808.0,1151505.0,26471543.0,5423462.0,2220041.0,16629406.0,3724239.0,1164734.0,26665143.0,5431385.0,2176408.0,16947220.0,3665851.0,1177389.0,26797070.0,5477154.0,2123689.0,17083881.0,3738836.0,1238968.0,26842698.0,5485499.0,2135783.0,17171489.0,3572575.0,1217568.0,26941198.0,5496195.0,2010668.0,17295857.0
30.0,Medaille University,1937.0,New York,NY,City,Large,Private,Nonprofit,4-year,,,2937.0,0.0,,0.0,,Master's Colleges & Universities,Larger Programs,2023.0,No,,,,,1.0,1.0,0.0,0.0,1470738.0,1506637.0,1988890.0,2323787.0,2095463.0,0.0,0.0,Northeast,1279243.0,117416826.0,10.89,23255110.0,55.01,5.79,3527918.0,339127512.0,10.4,65420694.0,53.93,15.98,4.2,64953.0,66981.0,72301.0,78501.0,79182.0,82699.0,87061.0,87.0,0.319176625274596,0.338121397700166,0.320485681192228,0.333944812419416,0.316172147567204,0.323284166365586,0.30269033618776,0.318614252950784,0.297161654277955,0.324463325720936,0.305294744760275,0.299037635834988,13905.27411277699,9263.23753028816,7103.524274812894,4342.695923486541,14214.10919212851,9651.185525634386,7126.628718435063,4551.878719674939,13700.20766269627,10291.78969515402,6544.933623738598,4758.474283623391,14814.32229096918,11931.37907173214,6927.139656427767,5179.209940475806,16246.53910687995,12762.62252591281,7803.286351106238,5396.065888848378,17816.88473964304,12332.13857261348,7600.863274355621,5419.474042376715,1870478.0,492098.0,13606342.0,3556251.0,1159880.0,8210242.0,1831883.0,490373.0,13631937.0,3541274.0,1136076.0,8294069.0,1794550.0,486734.0,13649157.0,3474389.0,1115411.0,8430878.0,1816269.0,502020.0,14081080.0,3553598.0,1124221.0,8757825.0,1844128.0,527054.0,14021808.0,3494392.0,1129113.0,8786629.0,1766904.0,520830.0,13996138.0,3437438.0,1074524.0,8860163.0
31.0,Mills College,1852.0,California,CA,City,Large,Private,Nonprofit,4-year,,,817.0,0.0,,0.0,,Masters Colleges & Universities,Larger Programs,2022.0,Yes,30013,private nonprofit,City: Large,,1.0,0.0,0.0,0.0,191278617.0,196403975.0,187318992.0,225622133.0,0.0,0.0,0.0,West,2561478.0,235669717.0,10.87,48016877.0,53.35,11.6,5153390.0,471302990.0,10.93,94808378.0,54.36,23.34,5.3,62167.0,65254.0,72352.0,78893.0,78356.0,81691.0,86834.0,87.0,0.0663481794444579,0.437179018650531,0.0639342019242999,0.430512319495541,0.0564649569981763,0.394138599176513,0.0473274734193507,0.364914104716416,0.0532828296454984,0.349392279302006,0.0525881847774574,0.33714038729625,10388.09365276867,10801.55757999399,8069.096105618215,767.5920132310735,10830.86579903077,10710.96860767353,8187.747192626317,731.5695447644778,10763.09820438927,13235.28652128942,7001.852970516516,792.0531302213708,12469.80164414525,16038.02895562432,7165.025293047439,796.7474320063013,13669.13700056634,14445.00935271975,7340.661324454512,812.9893453610767,14394.88282684835,13381.42160919109,7321.454314485081,742.765353843413,3856220.0,1152682.0,26218885.0,5391120.0,2254937.0,16352200.0,3789808.0,1151505.0,26471543.0,5423462.0,2220041.0,16629406.0,3724239.0,1164734.0,26665143.0,5431385.0,2176408.0,16947220.0,3665851.0,1177389.0,26797070.0,5477154.0,2123689.0,17083881.0,3738836.0,1238968.0,26842698.0,5485499.0,2135783.0,17171489.0,3572575.0,1217568.0,26941198.0,5496195.0,2010668.0,17295857.0
32.0,Multnomah University,1936.0,Oregon,OR,City,Large,Private,Nonprofit,4-year,,,655.0,0.0,,0.0,,Special Focus Institutions,Diverse Fields,2024.0,Yes,1624,private nonprofit,Rural: Fringe,Christian,1.0,0.0,0.0,0.0,7005000.0,7850000.0,7888000.0,8740000.0,7806000.0,7233399.99890136,0.0,West,242571.0,25369607.0,9.56,4987114.0,48.64,1.1,5153390.0,471302990.0,10.93,94808378.0,54.36,23.34,4.7,51010.0,53024.0,58255.0,64964.0,65166.0,68276.0,71524.0,81.0,0.304705710537775,0.717489366084243,0.257757419546815,0.714493297581754,0.245423681549066,0.689994639747614,0.224575699828485,0.680627787656666,0.207248896715653,0.681870407782531,0.167950230468699,0.696613918456985,5043.22131491038,7837.098815204871,12808.21756726014,3434.529521145302,5582.167684008367,9183.538268036822,13969.62439907522,3189.152965103832,6442.391918389317,10559.5700317965,14339.15815914596,3434.468441971383,7098.335395475443,12347.21103860912,15127.56629895417,3575.956491577966,7224.00191418294,12766.89983654789,15483.73132065776,3337.650234281356,6918.000413362895,13640.28265876933,15884.62908822166,2753.307193978282,363072.0,110001.0,2850693.0,656365.0,203376.0,1920146.0,362910.0,111642.0,2898950.0,659085.0,201256.0,1970615.0,364440.0,114619.0,2944830.0,667341.0,202423.0,2016704.0,362295.0,118027.0,2971396.0,668083.0,197164.0,2050711.0,374300.0,125555.0,2999096.0,674062.0,200838.0,2071732.0,361410.0,127326.0,3021010.0,676182.0,189245.0,2094607.0
33.0,Nebraska Christian College,1945.0,Nebraska,NE,Suburb,Large,Private,Nonprofit,4-year,,,85.0,1.0,Christian churches and churches of Christ,0.0,,Special Focus Four-Year,Faith-Related Institutions,2020.0,No,,,,,1.0,1.0,0.0,0.0,,,,,,,,Midwest,147599.0,11711222.0,12.6,2272581.0,64.95,0.67,4578485.0,411492814.0,11.13,79003664.0,57.95,20.73,3.0,52957.0,54481.0,58589.0,64583.0,68661.0,71404.0,72496.0,87.0,0.202830169226147,0.494129630919435,0.18568590216014,0.490227116581973,0.171035779466317,0.482398032242153,0.155547910456219,0.456120266527071,0.157254153123333,0.445404450252897,0.150259576816693,0.435818067016191,8970.587212337845,10612.05921505623,8503.792240652236,2660.225919975519,9335.34388885538,11987.11346281541,8719.347487785753,2689.156291500664,9707.324820078984,13167.11428067546,8796.51526572179,2675.239407433535,10545.39670928612,14218.78367582442,8570.369273010409,2579.084328258843,11024.18242302015,13880.86040378712,8588.535792253155,2546.900134019281,11630.40845099625,14172.30527998688,8730.348406626443,2463.987332950725,189779.0,54049.0,1242463.0,326549.0,116127.0,805175.0,189438.0,54333.0,1251026.0,326594.0,115556.0,816897.0,189183.0,56045.0,1259540.0,324098.0,114257.0,829258.0,190255.0,56380.0,1275315.0,326345.0,113258.0,843364.0,195219.0,59176.0,1283285.0,325873.0,114189.0,853115.0,190920.0,59188.0,1290256.0,324253.0,110978.0,863747.0
34.0,Notre Dame College,1922.0,Ohio,OH,Suburb,Large,Private,Nonprofit,4-year,,,1400.0,1.0,Catholic,0.0,,Baccalaureate Colleges,Diverse Fields,2024.0,No,,,,,1.0,0.0,0.0,0.0,10033782.0,10628189.0,10567009.0,13516952.0,9241315.0,7824115.59912109,0.0,Midwest,783704.0,70393769.0,11.13,13365288.0,58.64,3.55,4578485.0,411492814.0,11.13,79003664.0,57.95,20.73,4.9,48542.0,49907.0,54936.0,60407.0,59376.0,62342.0,65011.0,86.0,0.335127232203971,0.653931990127864,0.325887420110107,0.666050771417208,0.306556218349465,0.621665949914992,0.312281462945019,0.641646110478048,0.297962103315946,0.643237315707079,0.316398625962724,0.638581010016603,5251.400115563879,6658.002238715663,9923.074166251867,3355.947138074301,5354.932404696776,6305.153275327725,10680.23685567835,3048.111243719802,6683.385569001761,6462.055922545052,10981.91726985209,2856.732555396258,6191.584518887098,6251.057747929259,11086.2648359692,2838.500568614283,6448.096648183465,7069.309839329164,11625.81335438068,3000.388495646403,6737.010510690257,7887.794682600592,11903.43367570889,3650.793421773928,1086626.0,362436.0,7937085.0,2639478.0,579754.0,4511447.0,1074610.0,365047.0,7975777.0,2634997.0,569276.0,4573402.0,1066321.0,370168.0,8014966.0,2629870.0,560424.0,4646326.0,1062481.0,376907.0,8077453.0,2636855.0,552781.0,4724847.0,1083657.0,398472.0,8097704.0,2625857.0,549296.0,4775443.0,1046523.0,394170.0,8123344.0,2624935.0,524012.0,4817855.0
35.0,Ohio Valley University,1960.0,West Virginia,WV,City,Small,Private,Nonprofit,4-year,,,273.0,1.0,Church of Christ,0.0,,Baccalaureate Colleges,Diverse Fields,2021.0,No,,,,,1.0,0.0,0.0,0.0,1998173.0,4583080.0,2014174.0,0.0,0.0,0.0,0.0,South,104440.0,10710952.0,9.75,1888053.0,55.32,0.47,8821173.0,763063961.0,11.56,150408029.0,58.65,39.95,3.8,41828.0,42719.0,48174.0,51918.0,51075.0,53695.0,55532.0,91.0,0.373155972190066,0.682009863354237,0.342382621157803,0.646489251277912,0.302949151032579,0.630556100805872,0.28165355172888,0.644577975141069,0.276354842717345,0.645498371338462,0.300746949548175,0.648330991754074,4595.710383596692,6167.314283134706,8027.624493252374,3576.478512098231,5257.320621209336,6901.164748527412,8026.086252527109,3528.440779338468,5488.270802448018,8153.893675721562,8034.156194168852,3491.88996179966,5781.374937683211,9242.957444367974,8701.384389893712,3594.4879559532,6000.308115853035,9304.54933575565,8615.166124245216,3526.6671965482,6171.073142176396,8837.371024734983,8627.31407386107,3774.469860735814,163597.0,59524.0,1292084.0,523536.0,84079.0,594318.0,160440.0,59165.0,1287427.0,519091.0,82395.0,599712.0,158340.0,59659.0,1283869.0,513143.0,80511.0,611695.0,156640.0,61282.0,1277914.0,512232.0,77499.0,613101.0,161654.0,64308.0,1271529.0,502333.0,79342.0,622195.0,155849.0,63691.0,1269202.0,501118.0,75699.0,623530.0
36.0,Pacific Northwest College of Art,1909.0,Oregon,OR,City,Large,Private,Nonprofit,4-year,,,481.0,0.0,,0.0,,Special Focus Four-Year,"Arts, Music & Design Schools",2021.0,Yes,1909,private nonprofit,City: Midsize,,0.0,0.0,0.0,1.0,,,,,,,,West,242571.0,25369607.0,9.56,4987114.0,48.64,1.1,5153390.0,471302990.0,10.93,94808378.0,54.36,23.34,4.7,51010.0,53024.0,58255.0,64964.0,65166.0,68276.0,71524.0,81.0,0.304705710537775,0.717489366084243,0.257757419546815,0.714493297581754,0.245423681549066,0.689994639747614,0.224575699828485,0.680627787656666,0.207248896715653,0.681870407782531,0.167950230468699,0.696613918456985,5043.22131491038,7837.098815204871,12808.21756726014,3434.529521145302,5582.167684008367,9183.538268036822,13969.62439907522,3189.152965103832,6442.391918389317,10559.5700317965,14339.15815914596,3434.468441971383,7098.335395475443,12347.21103860912,15127.56629895417,3575.956491577966,7224.00191418294,12766.89983654789,15483.73132065776,3337.650234281356,6918.000413362895,13640.28265876933,15884.62908822166,2753.307193978282,363072.0,110001.0,2850693.0,656365.0,203376.0,1920146.0,362910.0,111642.0,2898950.0,659085.0,201256.0,1970615.0,364440.0,114619.0,2944830.0,667341.0,202423.0,2016704.0,362295.0,118027.0,2971396.0,668083.0,197164.0,2050711.0,374300.0,125555.0,2999096.0,674062.0,200838.0,2071732.0,361410.0,127326.0,3021010.0,676182.0,189245.0,2094607.0
37.0,Pennsylvania College of Health Sciences,1903.0,Pennsylvania,PA,Suburb,Large,Private,Nonprofit,2-year,,,1816.0,0.0,,0.0,,Special Focus Four-Year,Other Health Professions Schools,2024.0,Yes,7861,private nonprofit,City: Large,Jesuit,0.0,0.0,0.0,1.0,5946947.0,7343381.0,9188957.0,14115871.0,13495858.0,16103518.4010009,0.0,Northeast,790421.0,77290050.0,10.23,14466075.0,54.64,3.58,3527918.0,339127512.0,10.4,65420694.0,53.93,15.98,3.9,55346.0,56634.0,62463.0,66449.0,66580.0,69555.0,72220.0,87.0,0.453262236295769,0.737395242246926,0.43406383832291,0.730157593752249,0.393072926029577,0.723690207744104,0.37570067112594,0.71005516404572,0.349193171904804,0.662087812097084,0.347295920187268,0.673993635830203,4734.235453046467,5156.978819440103,13293.75266702426,4275.292301729204,4927.081093366828,5550.373798568507,13332.02488585841,4257.046497955011,5085.299947138297,6539.113322990822,13319.04217052612,4235.020182395499,5435.777832816813,7018.755710204146,13311.84984927772,4223.857224944534,6738.651359043998,7804.851010996807,13203.36790005432,4187.726008885285,6378.559406265162,7868.163744040648,13187.19177932505,4186.554446625645,1194488.0,399558.0,8921363.0,3133655.0,652406.0,4913690.0,1174907.0,399119.0,8954232.0,3106571.0,634591.0,4998751.0,1155305.0,398001.0,8989998.0,3072381.0,618774.0,5107650.0,1154671.0,408026.0,9111497.0,3079339.0,608820.0,5244782.0,1196563.0,425015.0,9128083.0,3058744.0,631016.0,5308145.0,1159561.0,418796.0,9153146.0,3039316.0,607030.0,5373094.0
38.0,Pine Manor College,1911.0,Massachusetts,MA,Suburb,Large,Private,Nonprofit,4-year,,,249.0,0.0,,0.0,,Baccalaureate Colleges,Arts & Sciences Focus,2020.0,Yes,15287,private nonprofit,City: Small,,1.0,0.0,0.0,0.0,9607790.0,9621706.0,9313687.0,12871750.0,0.0,0.0,0.0,Northeast,409468.0,41656322.0,9.83,8419406.0,48.63,1.85,3527918.0,339127512.0,10.4,65420694.0,53.93,15.98,4.6,70234.0,72658.0,79602.0,85585.0,88976.0,90904.0,94849.0,90.0,0.321843436680273,0.438978799448067,0.320300972986176,0.43253682270684,0.276225207859441,0.399763682556682,0.232633307549778,0.382346028782863,0.197909433470372,0.430031607047201,0.142292270460623,0.378556933540217,10224.08940720903,8179.07168818651,7999.980195063694,3881.670816683066,10725.1575452152,9075.796526001704,8175.024835560542,4276.873060528559,12243.9080756922,10521.3160057334,8154.571189682181,4015.410224558051,12540.335096103,12217.4752565505,7762.837360460756,3703.824660103141,15683.12333141726,15259.62961275626,11832.65390347236,3765.191585153424,17907.35284887296,16706.94986788879,10908.40488559978,2771.654897467674,701501.0,190483.0,4748795.0,1150846.0,437305.0,3143589.0,697610.0,188360.0,4781683.0,1148525.0,437646.0,3191214.0,695702.0,192220.0,4815331.0,1133358.0,434589.0,3252179.0,699260.0,197127.0,4902868.0,1137085.0,433205.0,3332568.0,697088.0,205983.0,4920101.0,1127899.0,421962.0,3360615.0,678357.0,206559.0,4945630.0,1129802.0,408550.0,3390619.0
39.0,Presentation College,1951.0,South Dakota,SD,Town,Remote,Private,Nonprofit,4-year,,,694.0,1.0,Roman Catholic,0.0,,Special Focus Four-Year,Other Health Professions Schools,2023.0,No,,,,,1.0,0.0,0.0,0.0,13047759.0,12164746.0,12494454.0,14168358.0,15081912.0,0.0,0.0,Midwest,68073.0,5384129.0,12.64,992778.0,68.57,0.31,4578485.0,411492814.0,11.13,79003664.0,57.95,20.73,1.8,53283.0,55416.0,61583.0,67885.0,70608.0,72984.0,74544.0,82.0,0.424855199540915,0.647555142184493,0.406292349681428,0.609141963266514,0.417052999982385,0.611625711671231,0.636792473732634,0.612590012362745,0.593256553415728,0.58383326414719,0.572639857324084,0.546229948624176,5559.60149596386,4472.15421686747,9234.32033622158,3303.547160068847,6490.162462198063,5268.595649940058,9255.716188799142,3605.461551635554,6293.498793519476,5987.419801641587,9050.401279252364,3550.499487004104,6588.874032882011,4912.309143935495,9414.006810122502,6779.592554469034,7308.694810162258,5625.847092727581,9344.666425091596,6734.515341583319,8357.400393855849,6202.119647790055,9307.815163450177,6942.590124309392,84140.0,24819.0,567083.0,173262.0,47768.0,346877.0,84137.0,25239.0,572393.0,173079.0,47503.0,352073.0,83345.0,25421.0,580244.0,175340.0,46246.0,359734.0,82852.0,26209.0,580235.0,174791.0,44583.0,362116.0,84743.0,28242.0,588987.0,176062.0,44336.0,369863.0,83237.0,28264.0,596137.0,175713.0,43198.0,378781.0
40.0,Presidio Graduate School,2003.0,California,CA,City,Large,Private,Nonprofit,graduate school,,,197.0,0.0,,1.0,Sustainability,Special Focus Four-Year,Business & Management Schools,2023.0,Yes,3460,private nonprofit,City: Small,American Baptist Churches USA,1.0,0.0,0.0,0.0,,,,,,,,West,2561478.0,235669717.0,10.87,48016877.0,53.35,11.6,5153390.0,471302990.0,10.93,94808378.0,54.36,23.34,5.3,62167.0,65254.0,72352.0,78893.0,78356.0,81691.0,86834.0,87.0,0.0663481794444579,0.437179018650531,0.0639342019242999,0.430512319495541,0.0564649569981763,0.394138599176513,0.0473274734193507,0.364914104716416,0.0532828296454984,0.349392279302006,0.0525881847774574,0.33714038729625,10388.09365276867,10801.55757999399,8069.096105618215,767.5920132310735,10830.86579903077,10710.96860767353,8187.747192626317,731.5695447644778,10763.09820438927,13235.28652128942,7001.852970516516,792.0531302213708,12469.80164414525,16038.02895562432,7165.025293047439,796.7474320063013,13669.13700056634,14445.00935271975,7340.661324454512,812.9893453610767,14394.88282684835,13381.42160919109,7321.454314485081,742.765353843413,3856220.0,1152682.0,26218885.0,5391120.0,2254937.0,16352200.0,3789808.0,1151505.0,26471543.0,5423462.0,2220041.0,16629406.0,3724239.0,1164734.0,26665143.0,5431385.0,2176408.0,16947220.0,3665851.0,1177389.0,26797070.0,5477154.0,2123689.0,17083881.0,3738836.0,1238968.0,26842698.0,5485499.0,2135783.0,17171489.0,3572575.0,1217568.0,26941198.0,5496195.0,2010668.0,17295857.0
41.0,Salus University,1919.0,Pennsylvania,PA,Suburb,Large,Private,Nonprofit,graduate school,,,1165.0,0.0,,0.0,,Special Focus Four-Year,Other Health Professions Schools,2024.0,Yes,22344,private nonprofit,City: Large,,0.0,0.0,0.0,1.0,24807417.0,46264055.0,46617036.0,57407928.0,50772437.0,41222774.9785156,0.0,Northeast,790421.0,77290050.0,10.23,14466075.0,54.64,3.58,3527918.0,339127512.0,10.4,65420694.0,53.93,15.98,3.9,55346.0,56634.0,62463.0,66449.0,66580.0,69555.0,72220.0,87.0,0.453262236295769,0.737395242246926,0.43406383832291,0.730157593752249,0.393072926029577,0.723690207744104,0.37570067112594,0.71005516404572,0.349193171904804,0.662087812097084,0.347295920187268,0.673993635830203,4734.235453046467,5156.978819440103,13293.75266702426,4275.292301729204,4927.081093366828,5550.373798568507,13332.02488585841,4257.046497955011,5085.299947138297,6539.113322990822,13319.04217052612,4235.020182395499,5435.777832816813,7018.755710204146,13311.84984927772,4223.857224944534,6738.651359043998,7804.851010996807,13203.36790005432,4187.726008885285,6378.559406265162,7868.163744040648,13187.19177932505,4186.554446625645,1194488.0,399558.0,8921363.0,3133655.0,652406.0,4913690.0,1174907.0,399119.0,8954232.0,3106571.0,634591.0,4998751.0,1155305.0,398001.0,8989998.0,3072381.0,618774.0,5107650.0,1154671.0,408026.0,9111497.0,3079339.0,608820.0,5244782.0,1196563.0,425015.0,9128083.0,3058744.0,631016.0,5308145.0,1159561.0,418796.0,9153146.0,3039316.0,607030.0,5373094.0
42.0,San Francisco Art Institute,1871.0,California,CA,City,Large,Private,Nonprofit,4-year,,,70.0,0.0,,0.0,,Special Focus Four-Year,"Arts, Music & Design Schools",2022.0,No,,,,,1.0,0.0,0.0,0.0,10453377.0,10324429.0,6276219.0,3983198.0,0.0,0.0,0.0,West,2561478.0,235669717.0,10.87,48016877.0,53.35,11.6,5153390.0,471302990.0,10.93,94808378.0,54.36,23.34,5.3,62167.0,65254.0,72352.0,78893.0,78356.0,81691.0,86834.0,87.0,0.0663481794444579,0.437179018650531,0.0639342019242999,0.430512319495541,0.0564649569981763,0.394138599176513,0.0473274734193507,0.364914104716416,0.0532828296454984,0.349392279302006,0.0525881847774574,0.33714038729625,10388.09365276867,10801.55757999399,8069.096105618215,767.5920132310735,10830.86579903077,10710.96860767353,8187.747192626317,731.5695447644778,10763.09820438927,13235.28652128942,7001.852970516516,792.0531302213708,12469.80164414525,16038.02895562432,7165.025293047439,796.7474320063013,13669.13700056634,14445.00935271975,7340.661324454512,812.9893453610767,14394.88282684835,13381.42160919109,7321.454314485081,742.765353843413,3856220.0,1152682.0,26218885.0,5391120.0,2254937.0,16352200.0,3789808.0,1151505.0,26471543.0,5423462.0,2220041.0,16629406.0,3724239.0,1164734.0,26665143.0,5431385.0,2176408.0,16947220.0,3665851.0,1177389.0,26797070.0,5477154.0,2123689.0,17083881.0,3738836.0,1238968.0,26842698.0,5485499.0,2135783.0,17171489.0,3572575.0,1217568.0,26941198.0,5496195.0,2010668.0,17295857.0
43.0,Sierra Nevada University,1969.0,Nevada,NV,Town,Distant,Private,Nonprofit,4-year,,,631.0,0.0,,0.0,,Master's Colleges & Universities,Medium Programs,2022.0,Yes,20945,public,City: Large,,0.0,1.0,1.0,0.0,4382400.0,4625250.0,6087055.0,7215335.0,0.0,0.0,0.0,West,203080.0,18768746.0,10.82,3675214.0,55.26,0.92,5153390.0,471302990.0,10.93,94808378.0,54.36,23.34,5.6,50122.0,52552.0,56889.0,62865.0,63894.0,66952.0,69175.0,82.0,0.226594250218678,0.257956788041947,0.230424058309267,0.255325360962798,0.263774136740877,0.300665311289566,0.216935862902248,0.283293061108777,0.19683060385033,0.272554583400036,0.206652820745873,0.235731698829081,9281.563399299548,6303.904740577414,3226.553715346639,1846.932956659547,9669.436869471547,6115.316527266645,3315.34381538334,1831.029240548678,8339.517738636838,5337.067358254338,3585.413018072541,1912.158218565552,9847.307426414454,7083.547544758933,3892.349457121045,1962.387786940049,9860.574083108839,8232.266624398613,3694.496659101033,2017.45985156454,12120.09210734911,9904.565855433377,3738.333642849054,2579.963130659767,246923.0,93627.0,2001450.0,563229.0,112182.0,1164058.0,246645.0,96537.0,2044695.0,574254.0,111696.0,1198309.0,248948.0,101724.0,2093820.0,584698.0,111216.0,1235123.0,248490.0,105037.0,2116718.0,587588.0,108537.0,1254370.0,260638.0,110831.0,2154487.0,594523.0,113868.0,1281449.0,252048.0,107122.0,2196081.0,602478.0,110139.0,1316214.0
44.0,St. Augustine College,1980.0,Illinois,IL,City,Large,Private,Nonprofit,2-year,,,680.0,1.0,Episcopalian,1.0,Biligual (Spanish),Baccalaureate/Associate's Colleges,Mixed Baccalaureate/Associate's,2024.0,Yes,6513,private nonprofit,Suburb: Large,Lasallian,0.0,0.0,0.0,1.0,114162.0,133928.0,122863.0,154116.0,154117.0,167260.600007057,0.0,Midwest,803600.0,75803621.0,10.6,14934897.0,53.81,3.64,4578485.0,411492814.0,11.13,79003664.0,57.95,20.73,4.8,56903.0,58328.0,63173.0,68959.0,69816.0,72744.0,75030.0,87.0,0.303775757055686,0.364187870884457,0.262839514801166,0.349845165470938,0.272655147781673,0.32438251365488,0.260057450318049,0.331156954346571,0.238774058241036,0.315090297074247,0.219575270309165,0.299894607617538,18149.74188891696,11419.09790140214,9904.92231164363,4982.367599297861,19169.84427176057,12695.93681572352,10031.12209498148,4526.821417579035,21029.92881216952,15345.38999602614,9740.984884569238,5752.428939825658,22064.86337566073,17241.19671847227,10630.722522632,6059.526730777996,22773.61919941376,18434.39508857198,10179.19546884065,5782.324386299893,24561.77506343786,20613.06702339302,10246.0538266345,5799.559638961574,1212593.0,350211.0,8682343.0,2267535.0,714422.0,5450221.0,1192806.0,349916.0,8686299.0,2254524.0,700870.0,5494733.0,1174031.0,352546.0,8686700.0,2220409.0,682964.0,5567953.0,1169584.0,358307.0,8764878.0,2226182.0,675513.0,5653375.0,1190741.0,380658.0,8746416.0,2215906.0,675081.0,5667774.0,1145167.0,379572.0,8738607.0,2207546.0,638169.0,5679738.0
45.0,St. John's University -- Staten Island,1933.0,New York,NY,City,Large,Private,Nonprofit,4-year,,,861.0,1.0,Catholic,0.0,,Special Focus Four-Year,Diverse Fields,2024.0,No,,,,,0.0,1.0,0.0,0.0,,,,,,,,Northeast,1279243.0,117416826.0,10.89,23255110.0,55.01,5.79,3527918.0,339127512.0,10.4,65420694.0,53.93,15.98,4.2,64953.0,66981.0,72301.0,78501.0,79182.0,82699.0,87061.0,87.0,0.319176625274596,0.338121397700166,0.320485681192228,0.333944812419416,0.316172147567204,0.323284166365586,0.30269033618776,0.318614252950784,0.297161654277955,0.324463325720936,0.305294744760275,0.299037635834988,13905.27411277699,9263.23753028816,7103.524274812894,4342.695923486541,14214.10919212851,9651.185525634386,7126.628718435063,4551.878719674939,13700.20766269627,10291.78969515402,6544.933623738598,4758.474283623391,14814.32229096918,11931.37907173214,6927.139656427767,5179.209940475806,16246.53910687995,12762.62252591281,7803.286351106238,5396.065888848378,17816.88473964304,12332.13857261348,7600.863274355621,5419.474042376715,1870478.0,492098.0,13606342.0,3556251.0,1159880.0,8210242.0,1831883.0,490373.0,13631937.0,3541274.0,1136076.0,8294069.0,1794550.0,486734.0,13649157.0,3474389.0,1115411.0,8430878.0,1816269.0,502020.0,14081080.0,3553598.0,1124221.0,8757825.0,1844128.0,527054.0,14021808.0,3494392.0,1129113.0,8786629.0,1766904.0,520830.0,13996138.0,3437438.0,1074524.0,8860163.0
46.0,St. Louis Christian College,1956.0,Missouri,MO,Suburb,Large,Private,Nonprofit,4-year,,,62.0,1.0,Christian Churches and Churches of Christ,0.0,,Special Focus Four-Year,Faith-Related Institutions,2022.0,Yes,190,private nonprofit,Town: Distant,,0.0,1.0,0.0,0.0,1120476.0,1091879.0,1108981.0,1087348.0,0.0,0.0,0.0,Midwest,420242.0,36957728.0,11.37,7119267.0,59.03,1.9,4578485.0,411492814.0,11.13,79003664.0,57.95,20.73,3.9,47388.0,49173.0,54330.0,59202.0,60469.0,63390.0,65415.0,90.0,0.303594436110713,0.554760969973304,0.282349932837393,0.52214401381573,0.261464384123713,0.483796057622182,0.230441965226767,0.485114966215978,0.257302874273735,0.557552976300883,0.25195072916606,0.563784053016873,6223.428129124773,5666.717443319669,7754.295541577721,2470.37642432862,7255.164527546387,7211.121089201149,7927.578259626041,2837.120274047046,8468.861857749567,8608.83623182419,7937.176846137476,3047.793518671514,8792.713211734086,10918.4826735117,8284.328525358524,3269.508589199329,7143.713724018019,10343.2031913128,9002.205089702047,3583.339450411362,7441.157820982694,11380.12539960331,9617.269025733493,3832.94390386186,580161.0,177040.0,4124838.0,1266430.0,328953.0,2427879.0,573249.0,179190.0,4150049.0,1270622.0,322802.0,2461161.0,567945.0,184470.0,4176792.0,1275987.0,317103.0,2507760.0,561340.0,185856.0,4187819.0,1276601.0,310654.0,2533679.0,580838.0,195757.0,4199109.0,1280433.0,319886.0,2553713.0,564178.0,197116.0,4217432.0,1279442.0,305441.0,2583258.0
47.0,The College of Saint Rose,1920.0,New York,NY,City,Small,Private,Nonprofit,4-year,,,2786.0,1.0,Catholic,0.0,,Master's Colleges & Universities,Larger Programs,2024.0,No,,,,,1.0,0.0,0.0,0.0,44730531.0,44960904.0,38815266.0,44047118.0,40115923.0,41018224.8035888,0.0,Northeast,1279243.0,117416826.0,10.89,23255110.0,55.01,5.79,3527918.0,339127512.0,10.4,65420694.0,53.93,15.98,4.2,64953.0,66981.0,72301.0,78501.0,79182.0,82699.0,87061.0,87.0,0.319176625274596,0.338121397700166,0.320485681192228,0.333944812419416,0.316172147567204,0.323284166365586,0.30269033618776,0.318614252950784,0.297161654277955,0.324463325720936,0.305294744760275,0.299037635834988,13905.27411277699,9263.23753028816,7103.524274812894,4342.695923486541,14214.10919212851,9651.185525634386,7126.628718435063,4551.878719674939,13700.20766269627,10291.78969515402,6544.933623738598,4758.474283623391,14814.32229096918,11931.37907173214,6927.139656427767,5179.209940475806,16246.53910687995,12762.62252591281,7803.286351106238,5396.065888848378,17816.88473964304,12332.13857261348,7600.863274355621,5419.474042376715,1870478.0,492098.0,13606342.0,3556251.0,1159880.0,8210242.0,1831883.0,490373.0,13631937.0,3541274.0,1136076.0,8294069.0,1794550.0,486734.0,13649157.0,3474389.0,1115411.0,8430878.0,1816269.0,502020.0,14081080.0,3553598.0,1124221.0,8757825.0,1844128.0,527054.0,14021808.0,3494392.0,1129113.0,8786629.0,1766904.0,520830.0,13996138.0,3437438.0,1074524.0,8860163.0
48.0,University of the Sciences,1821.0,Pennsylvania,PA,City,Large,Private,Nonprofit,4-year,,,2420.0,0.0,,0.0,,Special Focus Four-Year,Other Health Professions Schools,2022.0,Yes,7861,private nonprofit,City: Large,,0.0,0.0,0.0,1.0,171782269.0,162149152.0,145646092.0,164885128.0,0.0,0.0,0.0,Northeast,790421.0,77290050.0,10.23,14466075.0,54.64,3.58,3527918.0,339127512.0,10.4,65420694.0,53.93,15.98,3.9,55346.0,56634.0,62463.0,66449.0,66580.0,69555.0,72220.0,87.0,0.453262236295769,0.737395242246926,0.43406383832291,0.730157593752249,0.393072926029577,0.723690207744104,0.37570067112594,0.71005516404572,0.349193171904804,0.662087812097084,0.347295920187268,0.673993635830203,4734.235453046467,5156.978819440103,13293.75266702426,4275.292301729204,4927.081093366828,5550.373798568507,13332.02488585841,4257.046497955011,5085.299947138297,6539.113322990822,13319.04217052612,4235.020182395499,5435.777832816813,7018.755710204146,13311.84984927772,4223.857224944534,6738.651359043998,7804.851010996807,13203.36790005432,4187.726008885285,6378.559406265162,7868.163744040648,13187.19177932505,4186.554446625645,1194488.0,399558.0,8921363.0,3133655.0,652406.0,4913690.0,1174907.0,399119.0,8954232.0,3106571.0,634591.0,4998751.0,1155305.0,398001.0,8989998.0,3072381.0,618774.0,5107650.0,1154671.0,408026.0,9111497.0,3079339.0,608820.0,5244782.0,1196563.0,425015.0,9128083.0,3058744.0,631016.0,5308145.0,1159561.0,418796.0,9153146.0,3039316.0,607030.0,5373094.0
49.0,Urbana University,1850.0,Ohio,OH,Town,Distant,Private,Nonprofit,4-year,,,1254.0,0.0,,0.0,,Baccalaureate Colleges,Diverse Fields,2020.0,No,,,,,1.0,0.0,1.0,0.0,,,,,,,,Midwest,783704.0,70393769.0,11.13,13365288.0,58.64,3.55,4578485.0,411492814.0,11.13,79003664.0,57.95,20.73,4.9,48542.0,49907.0,54936.0,60407.0,59376.0,62342.0,65011.0,86.0,0.335127232203971,0.653931990127864,0.325887420110107,0.666050771417208,0.306556218349465,0.621665949914992,0.312281462945019,0.641646110478048,0.297962103315946,0.643237315707079,0.316398625962724,0.638581010016603,5251.400115563879,6658.002238715663,9923.074166251867,3355.947138074301,5354.932404696776,6305.153275327725,10680.23685567835,3048.111243719802,6683.385569001761,6462.055922545052,10981.91726985209,2856.732555396258,6191.584518887098,6251.057747929259,11086.2648359692,2838.500568614283,6448.096648183465,7069.309839329164,11625.81335438068,3000.388495646403,6737.010510690257,7887.794682600592,11903.43367570889,3650.793421773928,1086626.0,362436.0,7937085.0,2639478.0,579754.0,4511447.0,1074610.0,365047.0,7975777.0,2634997.0,569276.0,4573402.0,1066321.0,370168.0,8014966.0,2629870.0,560424.0,4646326.0,1062481.0,376907.0,8077453.0,2636855.0,552781.0,4724847.0,1083657.0,398472.0,8097704.0,2625857.0,549296.0,4775443.0,1046523.0,394170.0,8123344.0,2624935.0,524012.0,4817855.0
50.0,UW Oshkosh - Fond du Lac Campus,1968.0,Wisconsin,WI,City,Small,Public,Nonprofit,2-year,,,245.0,0.0,,0.0,,Doctoral/Professional Universities,Arts & Sciences Focus,2024.0,No,,,,,1.0,1.0,0.0,0.0,,,,,,,,Midwest,369546.0,35168059.0,10.51,6601801.0,55.98,1.67,4578485.0,411492814.0,11.13,79003664.0,57.95,20.73,3.3,51204.0,52932.0,57292.0,62713.0,62898.0,65848.0,68347.0,90.0,0.197554155670833,0.621340722207562,0.168298403058561,0.624332641243851,0.157908117818982,0.601071384139845,0.151027906170747,0.595107790037407,0.145174194789221,0.613409556957027,0.150049152517013,0.605136240792512,5142.666671511628,11039.17300913204,8438.584265988373,2717.734185472007,5127.979132537914,12437.12952078863,8522.339461861338,2516.706766800386,5905.467953293174,13782.56374560124,8897.852035572558,2584.490773324178,6255.9829557539,13955.92757061183,9195.000792073399,2482.689990613534,6148.822223044475,14025.16030394428,9756.439621105603,2381.878672243422,6652.688282312554,13845.76734384084,10195.37165528427,2444.312705897552,558562.0,177830.0,3930889.0,1216570.0,319842.0,2397145.0,554108.0,177163.0,3955705.0,1211981.0,317229.0,2435508.0,550536.0,176425.0,3982118.0,1205321.0,315122.0,2481590.0,551032.0,182125.0,4027685.0,1209751.0,309244.0,2532659.0,565156.0,192847.0,4047831.0,1211254.0,312313.0,2557172.0,548130.0,194507.0,4069583.0,1207407.0,296909.0,2592745.0
51.0,UW Green Bay - Marinette Campus,1935.0,Wisconsin,WI,City,Midsize,Public,Nonprofit,2-year,,,173.0,0.0,,0.0,,Master's Colleges & Universities,Medium Programs,2024.0,No,,,,,1.0,1.0,0.0,0.0,,,,,,,,Midwest,369546.0,35168059.0,10.51,6601801.0,55.98,1.67,4578485.0,411492814.0,11.13,79003664.0,57.95,20.73,3.3,51204.0,52932.0,57292.0,62713.0,62898.0,65848.0,68347.0,90.0,0.197554155670833,0.621340722207562,0.168298403058561,0.624332641243851,0.157908117818982,0.601071384139845,0.151027906170747,0.595107790037407,0.145174194789221,0.613409556957027,0.150049152517013,0.605136240792512,5142.666671511628,11039.17300913204,8438.584265988373,2717.734185472007,5127.979132537914,12437.12952078863,8522.339461861338,2516.706766800386,5905.467953293174,13782.56374560124,8897.852035572558,2584.490773324178,6255.9829557539,13955.92757061183,9195.000792073399,2482.689990613534,6148.822223044475,14025.16030394428,9756.439621105603,2381.878672243422,6652.688282312554,13845.76734384084,10195.37165528427,2444.312705897552,558562.0,177830.0,3930889.0,1216570.0,319842.0,2397145.0,554108.0,177163.0,3955705.0,1211981.0,317229.0,2435508.0,550536.0,176425.0,3982118.0,1205321.0,315122.0,2481590.0,551032.0,182125.0,4027685.0,1209751.0,309244.0,2532659.0,565156.0,192847.0,4047831.0,1211254.0,312313.0,2557172.0,548130.0,194507.0,4069583.0,1207407.0,296909.0,2592745.0
52.0,UW Milwaukee - Waukesha Campus,1966.0,Wisconsin,WI,City,Large,Public,Nonprofit,2-year,,,2155.0,0.0,,0.0,,Doctoral Universities,Very High Research Activity,2025.0,No,,,,,0.0,1.0,0.0,0.0,,,,,,,,Midwest,369546.0,35168059.0,10.51,6601801.0,55.98,1.67,4578485.0,411492814.0,11.13,79003664.0,57.95,20.73,3.3,51204.0,52932.0,57292.0,62713.0,62898.0,65848.0,68347.0,90.0,0.197554155670833,0.621340722207562,0.168298403058561,0.624332641243851,0.157908117818982,0.601071384139845,0.151027906170747,0.595107790037407,0.145174194789221,0.613409556957027,0.150049152517013,0.605136240792512,5142.666671511628,11039.17300913204,8438.584265988373,2717.734185472007,5127.979132537914,12437.12952078863,8522.339461861338,2516.706766800386,5905.467953293174,13782.56374560124,8897.852035572558,2584.490773324178,6255.9829557539,13955.92757061183,9195.000792073399,2482.689990613534,6148.822223044475,14025.16030394428,9756.439621105603,2381.878672243422,6652.688282312554,13845.76734384084,10195.37165528427,2444.312705897552,558562.0,177830.0,3930889.0,1216570.0,319842.0,2397145.0,554108.0,177163.0,3955705.0,1211981.0,317229.0,2435508.0,550536.0,176425.0,3982118.0,1205321.0,315122.0,2481590.0,551032.0,182125.0,4027685.0,1209751.0,309244.0,2532659.0,565156.0,192847.0,4047831.0,1211254.0,312313.0,2557172.0,548130.0,194507.0,4069583.0,1207407.0,296909.0,2592745.0
53.0,UW Milwaukee - Washington Campus,1968.0,Wisconsin,WI,City,Large,Public,Nonprofit,2-year,,,279.0,0.0,,0.0,,Doctoral Universities,Very High Research Activity,2024.0,No,,,,,1.0,1.0,0.0,0.0,,,,,,,,Midwest,369546.0,35168059.0,10.51,6601801.0,55.98,1.67,4578485.0,411492814.0,11.13,79003664.0,57.95,20.73,3.3,51204.0,52932.0,57292.0,62713.0,62898.0,65848.0,68347.0,90.0,0.197554155670833,0.621340722207562,0.168298403058561,0.624332641243851,0.157908117818982,0.601071384139845,0.151027906170747,0.595107790037407,0.145174194789221,0.613409556957027,0.150049152517013,0.605136240792512,5142.666671511628,11039.17300913204,8438.584265988373,2717.734185472007,5127.979132537914,12437.12952078863,8522.339461861338,2516.706766800386,5905.467953293174,13782.56374560124,8897.852035572558,2584.490773324178,6255.9829557539,13955.92757061183,9195.000792073399,2482.689990613534,6148.822223044475,14025.16030394428,9756.439621105603,2381.878672243422,6652.688282312554,13845.76734384084,10195.37165528427,2444.312705897552,558562.0,177830.0,3930889.0,1216570.0,319842.0,2397145.0,554108.0,177163.0,3955705.0,1211981.0,317229.0,2435508.0,550536.0,176425.0,3982118.0,1205321.0,315122.0,2481590.0,551032.0,182125.0,4027685.0,1209751.0,309244.0,2532659.0,565156.0,192847.0,4047831.0,1211254.0,312313.0,2557172.0,548130.0,194507.0,4069583.0,1207407.0,296909.0,2592745.0
54.0,Wave Leadership College,1999.0,Virginia,VA,Suburb,Large,Private,Nonprofit,2-year,1.0,0.0,33.0,1.0,Christian,0.0,,,,2022.0,No,,,,,0.0,1.0,1.0,0.0,,,,,,,,South,576125.0,51685358.0,11.15,10227966.0,56.33,2.61,8821173.0,763063961.0,11.56,150408029.0,58.65,39.95,3.3,56938.0,58890.0,62910.0,69013.0,71492.0,75095.0,78074.0,89.0,0.451012174114806,0.645903026743233,0.411302563910862,0.599837252780394,0.416470296465944,0.606780123598287,0.340633838884862,0.593600923146033,0.305699043437945,0.565285895742428,0.252073590200085,0.518790970108295,6141.206114584055,4628.366682977003,11003.12936030672,3776.521374861446,7531.704192633732,5210.365553639114,11118.92591273114,3616.399791371885,7377.902958574101,5439.293465906073,11208.72970834331,3856.957721193579,7939.642973701754,6335.408539218583,11427.08928269371,3253.475305134441,9007.8883874627,7027.483297519047,11563.62757022022,3077.424267147765,10302.74480188881,7572.889148809392,10984.97168243913,2539.971476176815,815995.0,250657.0,5730352.0,1381080.0,482193.0,3736452.0,811878.0,255088.0,5776886.0,1383769.0,475441.0,3797769.0,808812.0,260459.0,5831949.0,1392823.0,468415.0,3875525.0,807206.0,269226.0,5882521.0,1402487.0,459683.0,3940435.0,828543.0,285246.0,5919142.0,1411884.0,461920.0,3981441.0,804599.0,283112.0,5958915.0,1423702.0,444620.0,4019027.0
55.0,Wesley College,1873.0,Delaware,DE,City,Midsize,Private,Nonprofit,4-year,,,1066.0,1.0,United Methodist Church,0.0,,Baccalaureate Colleges,Diverse Fields,2021.0,Yes,5826,public,City: Small,,1.0,1.0,0.0,0.0,3281329.0,3450244.0,3157250.0,0.0,0.0,0.0,0.0,South,63300.0,5981414.0,10.58,1108192.0,57.12,0.29,8821173.0,763063961.0,11.56,150408029.0,58.65,39.95,3.9,53504.0,53917.0,57283.0,62987.0,65680.0,67135.0,70141.0,88.0,0.389963299956236,0.817222732004257,0.369392164062391,0.808075367422993,0.334772064692615,0.776929843756864,0.316733596975872,0.776857038330026,0.314650067314929,0.812122253818931,0.308601455705769,0.813941239603429,5662.06583345444,9145.408507765023,24037.79439761662,5846.162502813414,6445.061416105158,10171.84997622444,25907.76118413786,5958.380884450785,7023.048848619418,10741.87555974546,23465.53085270208,5405.786000471365,7610.351511715798,12084.04688752338,25455.43854875283,5601.656425327277,5982.647924384586,12608.96428078886,24597.20555343974,5788.884291821818,6116.984856219159,11984.04837683004,25543.15705291816,5349.005728835137,86090.0,28436.0,659979.0,208557.0,45513.0,383940.0,84244.0,27742.0,669320.0,209449.0,45043.0,393055.0,83602.0,28782.0,679870.0,210998.0,43865.0,405029.0,83629.0,28876.0,690618.0,209928.0,44410.0,418902.0,86569.0,30493.0,700364.0,208129.0,45022.0,430891.0,85034.0,30586.0,710442.0,206192.0,43776.0,443106.0
56.0,Woodbury University,1884.0,California,CA,City,Large,Private,Nonprofit,4-year,,,943.0,0.0,,0.0,,Master's Colleges & Universities,Small Programs,2024.0,Yes,3460,private nonprofit,City: Small,American Baptist Churches USA,1.0,1.0,0.0,0.0,22197101.0,19813990.0,20070284.0,23307341.0,19155677.0,19853858.0020141,0.0,West,2561478.0,235669717.0,10.87,48016877.0,53.35,11.6,5153390.0,471302990.0,10.93,94808378.0,54.36,23.34,5.3,62167.0,65254.0,72352.0,78893.0,78356.0,81691.0,86834.0,87.0,0.0663481794444579,0.437179018650531,0.0639342019242999,0.430512319495541,0.0564649569981763,0.394138599176513,0.0473274734193507,0.364914104716416,0.0532828296454984,0.349392279302006,0.0525881847774574,0.33714038729625,10388.09365276867,10801.55757999399,8069.096105618215,767.5920132310735,10830.86579903077,10710.96860767353,8187.747192626317,731.5695447644778,10763.09820438927,13235.28652128942,7001.852970516516,792.0531302213708,12469.80164414525,16038.02895562432,7165.025293047439,796.7474320063013,13669.13700056634,14445.00935271975,7340.661324454512,812.9893453610767,14394.88282684835,13381.42160919109,7321.454314485081,742.765353843413,3856220.0,1152682.0,26218885.0,5391120.0,2254937.0,16352200.0,3789808.0,1151505.0,26471543.0,5423462.0,2220041.0,16629406.0,3724239.0,1164734.0,26665143.0,5431385.0,2176408.0,16947220.0,3665851.0,1177389.0,26797070.0,5477154.0,2123689.0,17083881.0,3738836.0,1238968.0,26842698.0,5485499.0,2135783.0,17171489.0,3572575.0,1217568.0,26941198.0,5496195.0,2010668.0,17295857.0
57.0,Oak Point University,1914.0,Illinois,IL,Suburb,Large,Private,Nonprofit,4-year,1.0,1.0,429.0,0.0,,0.0,,Special Focus Four-Year,Other Health Professions Schools,2024.0,No,,,,,0.0,1.0,0.0,0.0,,,,,,,,Midwest,803600.0,75803621.0,10.6,14934897.0,53.81,3.64,4578485.0,411492814.0,11.13,79003664.0,57.95,20.73,4.8,56903.0,58328.0,63173.0,68959.0,69816.0,72744.0,75030.0,87.0,0.303775757055686,0.364187870884457,0.262839514801166,0.349845165470938,0.272655147781673,0.32438251365488,0.260057450318049,0.331156954346571,0.238774058241036,0.315090297074247,0.219575270309165,0.299894607617538,18149.74188891696,11419.09790140214,9904.92231164363,4982.367599297861,19169.84427176057,12695.93681572352,10031.12209498148,4526.821417579035,21029.92881216952,15345.38999602614,9740.984884569238,5752.428939825658,22064.86337566073,17241.19671847227,10630.722522632,6059.526730777996,22773.61919941376,18434.39508857198,10179.19546884065,5782.324386299893,24561.77506343786,20613.06702339302,10246.0538266345,5799.559638961574,1212593.0,350211.0,8682343.0,2267535.0,714422.0,5450221.0,1192806.0,349916.0,8686299.0,2254524.0,700870.0,5494733.0,1174031.0,352546.0,8686700.0,2220409.0,682964.0,5567953.0,1169584.0,358307.0,8764878.0,2226182.0,675513.0,5653375.0,1190741.0,380658.0,8746416.0,2215906.0,675081.0,5667774.0,1145167.0,379572.0,8738607.0,2207546.0,638169.0,5679738.0
58.0,Birmingham-Southern College,1918.0,Alabama,AL,City,Midsize,Private,Nonprofit,4-year,,,975.0,1.0,United Methodist Church ,0.0,,Baccalaureate Colleges,Arts & Sciences Focus,2024.0,No,,,,,1.0,0.0,0.0,0.0,56701074.0,53117638.0,49403369.0,53984787.0,50831353.0,54123801.8071289,0.0,South,348084.0,29935229.0,11.63,5816314.0,59.85,1.58,8821173.0,763063961.0,11.56,150408029.0,58.65,39.95,3.3,41938.0,43372.0,47828.0,53279.0,52798.0,54869.0,57551.0,88.0,0.449355419687467,0.749527133971276,0.40892138396583,0.740036721884276,0.40200499522242,0.746187040966246,0.368463403407396,0.723433365567895,0.221044430847254,0.631661296022285,0.31412263950876,0.65801790975433,6066.658096665156,6307.824433274862,15348.66142105446,4745.989070300904,6374.18191735988,7998.695256851522,15579.25920496386,5177.320111906646,6445.357921569997,7878.70058942893,16060.97073715822,5064.376306889554,7512.197739827782,9138.238125911752,16827.45486146168,5115.434950646989,10843.06866955822,17754.00162959779,16946.399535186,4915.60264675334,9945.415185280084,11544.7214303399,17456.85934502746,5108.510168712199,465929.0,152557.0,3299958.0,1020172.0,248276.0,1809743.0,458997.0,152515.0,3320877.0,1022839.0,246425.0,1839116.0,456268.0,155009.0,3344006.0,1014342.0,245245.0,1890717.0,461491.0,161085.0,3413803.0,1041209.0,243960.0,1942547.0,488930.0,173641.0,3428520.0,1041725.0,256989.0,1965615.0,477950.0,172657.0,3448302.0,1046374.0,250114.0,1992547.0
59.0,Tulsa Community College at Owasso,1970.0,Oklahoma,OK,City,Large,Public,Nonprofit,2-year,,,14391.0,0.0,,0.0,,Associate's Colleges,Mixed Transfer/Career & Technical-High Traditional,2024.0,Yes,15568,public,City: Midsize,,0.0,1.0,0.0,0.0,1130654.0,9010533.0,12615824.0,17070850.0,13286529.0,9095165.59179687,0.0,South,291217.0,23941096.0,12.16,4723856.0,61.65,1.32,8821173.0,763063961.0,11.56,150408029.0,58.65,39.95,3.2,46733.0,48272.0,52427.0,56502.0,59358.0,61145.0,63300.0,87.0,0.40629342712631,0.593085047343581,0.373922915490542,0.603514444457467,0.373257527625817,0.612899465963943,0.36081214832207,0.614508544766565,0.31079202921624,0.613879861395731,0.280853020785542,0.571568834732198,5939.857047360072,5159.360675126278,8657.436585089508,3530.724479487496,5996.222398622586,6161.647466623338,9127.209753697885,3680.027974111084,5967.481962565788,5585.738114721643,9448.363374423441,3326.595676160811,6402.004672787194,6307.76992723435,10205.37944915254,3560.643420541021,6852.497629320564,7187.042347781512,10894.56330899436,3240.930996183858,7662.969667375194,7765.109716398146,10223.14667662435,3032.557437651732,385430.0,129933.0,2574001.0,806407.0,195168.0,1453806.0,383818.0,131543.0,2592088.0,812102.0,193920.0,1469533.0,381292.0,133787.0,2611680.0,812618.0,190828.0,1500030.0,379325.0,136171.0,2607741.0,803726.0,186752.0,1510642.0,398778.0,146504.0,2621275.0,807154.0,194696.0,1524428.0,390552.0,147696.0,2641325.0,811387.0,186751.0,1542860.0
60.0,Wells College,1868.0,New York,NY,Rural,Distant,Private,Nonprofit,4-year,,,357.0,0.0,,0.0,,Baccalaureate Colleges,Arts & Sciences Focus,2024.0,No,,,,,1.0,0.0,0.0,0.0,37184815.0,27331124.0,27521760.0,33185965.0,28778328.0,35695797.0136718,0.0,Northeast,1279243.0,117416826.0,10.89,23255110.0,55.01,5.79,3527918.0,339127512.0,10.4,65420694.0,53.93,15.98,4.2,64953.0,66981.0,72301.0,78501.0,79182.0,82699.0,87061.0,87.0,0.319176625274596,0.338121397700166,0.320485681192228,0.333944812419416,0.316172147567204,0.323284166365586,0.30269033618776,0.318614252950784,0.297161654277955,0.324463325720936,0.305294744760275,0.299037635834988,13905.27411277699,9263.23753028816,7103.524274812894,4342.695923486541,14214.10919212851,9651.185525634386,7126.628718435063,4551.878719674939,13700.20766269627,10291.78969515402,6544.933623738598,4758.474283623391,14814.32229096918,11931.37907173214,6927.139656427767,5179.209940475806,16246.53910687995,12762.62252591281,7803.286351106238,5396.065888848378,17816.88473964304,12332.13857261348,7600.863274355621,5419.474042376715,1870478.0,492098.0,13606342.0,3556251.0,1159880.0,8210242.0,1831883.0,490373.0,13631937.0,3541274.0,1136076.0,8294069.0,1794550.0,486734.0,13649157.0,3474389.0,1115411.0,8430878.0,1816269.0,502020.0,14081080.0,3553598.0,1124221.0,8757825.0,1844128.0,527054.0,14021808.0,3494392.0,1129113.0,8786629.0,1766904.0,520830.0,13996138.0,3437438.0,1074524.0,8860163.0
61.0,Eastern Nazarene College,1900.0,Massachusetts,MA,Suburb,Large,Private,Nonprofit,4-year,,,535.0,1.0,Church of the Nazarene,0.0,,Master's Colleges & Universities,Small Programs,2024.0,No,,,,,1.0,0.0,0.0,0.0,19548765.0,19545720.0,18753406.0,19431518.0,19100262.0,19379573.8006896,0.0,Northeast,409468.0,41656322.0,9.83,8419406.0,48.63,1.85,3527918.0,339127512.0,10.4,65420694.0,53.93,15.98,4.6,70234.0,72658.0,79602.0,85585.0,88976.0,90904.0,94849.0,90.0,0.321843436680273,0.438978799448067,0.320300972986176,0.43253682270684,0.276225207859441,0.399763682556682,0.232633307549778,0.382346028782863,0.197909433470372,0.430031607047201,0.142292270460623,0.378556933540217,10224.08940720903,8179.07168818651,7999.980195063694,3881.670816683066,10725.1575452152,9075.796526001704,8175.024835560542,4276.873060528559,12243.9080756922,10521.3160057334,8154.571189682181,4015.410224558051,12540.335096103,12217.4752565505,7762.837360460756,3703.824660103141,15683.12333141726,15259.62961275626,11832.65390347236,3765.191585153424,17907.35284887296,16706.94986788879,10908.40488559978,2771.654897467674,701501.0,190483.0,4748795.0,1150846.0,437305.0,3143589.0,697610.0,188360.0,4781683.0,1148525.0,437646.0,3191214.0,695702.0,192220.0,4815331.0,1133358.0,434589.0,3252179.0,699260.0,197127.0,4902868.0,1137085.0,433205.0,3332568.0,697088.0,205983.0,4920101.0,1127899.0,421962.0,3360615.0,678357.0,206559.0,4945630.0,1129802.0,408550.0,3390619.0
62.0,Cox College,1907.0,Missouri,MO,City,Midsize,Private,Nonprofit,4-year,1.0,1.0,852.0,0.0,,0.0,,Special Focus Four-Year,Other Health Professions Schools,2025.0,Yes,26486; 11036,public,City: Small,,1.0,0.0,0.0,0.0,,,,,,,,Midwest,420242.0,36957728.0,11.37,7119267.0,59.03,1.9,4578485.0,411492814.0,11.13,79003664.0,57.95,20.73,3.9,47388.0,49173.0,54330.0,59202.0,60469.0,63390.0,65415.0,90.0,0.303594436110713,0.554760969973304,0.282349932837393,0.52214401381573,0.261464384123713,0.483796057622182,0.230441965226767,0.485114966215978,0.257302874273735,0.557552976300883,0.25195072916606,0.563784053016873,6223.428129124773,5666.717443319669,7754.295541577721,2470.37642432862,7255.164527546387,7211.121089201149,7927.578259626041,2837.120274047046,8468.861857749567,8608.83623182419,7937.176846137476,3047.793518671514,8792.713211734086,10918.4826735117,8284.328525358524,3269.508589199329,7143.713724018019,10343.2031913128,9002.205089702047,3583.339450411362,7441.157820982694,11380.12539960331,9617.269025733493,3832.94390386186,580161.0,177040.0,4124838.0,1266430.0,328953.0,2427879.0,573249.0,179190.0,4150049.0,1270622.0,322802.0,2461161.0,567945.0,184470.0,4176792.0,1275987.0,317103.0,2507760.0,561340.0,185856.0,4187819.0,1276601.0,310654.0,2533679.0,580838.0,195757.0,4199109.0,1280433.0,319886.0,2553713.0,564178.0,197116.0,4217432.0,1279442.0,305441.0,2583258.0
63.0,University of Wisconsin–Platteville Richland,1967.0,Wisconsin,WI,Town,Distant,Public,Nonprofit,4-year,1.0,1.0,6486.0,0.0,,0.0,,Master's Colleges & Universities,Larger Programs,2024.0,No,,,,,0.0,1.0,0.0,0.0,,,,,,,,Midwest,369546.0,35168059.0,10.51,6601801.0,55.98,1.67,4578485.0,411492814.0,11.13,79003664.0,57.95,20.73,3.3,51204.0,52932.0,57292.0,62713.0,62898.0,65848.0,68347.0,90.0,0.197554155670833,0.621340722207562,0.168298403058561,0.624332641243851,0.157908117818982,0.601071384139845,0.151027906170747,0.595107790037407,0.145174194789221,0.613409556957027,0.150049152517013,0.605136240792512,5142.666671511628,11039.17300913204,8438.584265988373,2717.734185472007,5127.979132537914,12437.12952078863,8522.339461861338,2516.706766800386,5905.467953293174,13782.56374560124,8897.852035572558,2584.490773324178,6255.9829557539,13955.92757061183,9195.000792073399,2482.689990613534,6148.822223044475,14025.16030394428,9756.439621105603,2381.878672243422,6652.688282312554,13845.76734384084,10195.37165528427,2444.312705897552,558562.0,177830.0,3930889.0,1216570.0,319842.0,2397145.0,554108.0,177163.0,3955705.0,1211981.0,317229.0,2435508.0,550536.0,176425.0,3982118.0,1205321.0,315122.0,2481590.0,551032.0,182125.0,4027685.0,1209751.0,309244.0,2532659.0,565156.0,192847.0,4047831.0,1211254.0,312313.0,2557172.0,548130.0,194507.0,4069583.0,1207407.0,296909.0,2592745.0
64.0,Maryland University of Integrative Health,1974.0,Maryland,MD,Suburb,Large,Private,Nonprofit,graduate school,0.0,1.0,701.0,0.0,,0.0,,Special Focus Four-Year,Other Health Professions Schools,2025.0,Yes,1836,private nonprofit,City: Large,Catholic,0.0,0.0,0.0,1.0,,,,,,,,South,412473.0,36654242.0,11.25,7192645.0,57.35,1.87,8821173.0,763063961.0,11.56,150408029.0,58.65,39.95,3.1,60503.0,62159.0,66549.0,71897.0,72524.0,76054.0,79325.0,86.0,0.335196047090813,0.552326690750654,0.316937858892938,0.529410280948668,0.304278423640632,0.519955643242289,0.274828990242079,0.529971182686356,0.263470043825834,0.475269233313288,0.259664756047319,0.44796588444336,9414.692846832744,8935.604133792644,11615.58224957452,4505.357061895766,10534.50364152213,9942.937209137512,11851.24601480008,4613.47956580284,10564.3181163073,11026.17708741926,11442.64429787506,4822.371329201642,10397.13577624847,12454.41469908218,11723.07343915928,4720.037301198066,13152.37250651993,13411.97129411115,11912.6195646854,4797.703929118536,14712.01934743178,13919.81692017768,11938.5425161172,4882.228550275946,544400.0,163944.0,4114858.0,1021847.0,319475.0,2683254.0,538158.0,162587.0,4139008.0,1018653.0,315573.0,2714892.0,532160.0,164489.0,4164698.0,1006008.0,307140.0,2765662.0,534601.0,168132.0,4240795.0,1014292.0,305537.0,2835150.0,541318.0,174144.0,4260095.0,1012724.0,303576.0,2863454.0,521989.0,171308.0,4272813.0,1014175.0,286670.0,2875937.0
65.0,B. H. Carroll Theological Seminary,2004.0,Texas,TX,City,Midsize,Private,Nonprofit,seminary ,0.0,1.0,,0.0,,0.0,,Doctoral/Professional Universities,Faith-Related Institutions,2025.0,Yes,1833,private nonprofit,Town: Distant,Baptist,0.0,0.0,0.0,1.0,,,,,,,,South,2275693.0,177119299.0,12.85,36976634.0,61.54,10.31,8821173.0,763063961.0,11.56,150408029.0,58.65,39.95,4.1,52272.0,53681.0,56349.0,62015.0,64232.0,66554.0,68456.0,90.0,0.218787242224195,0.643770503278682,0.213973358674182,0.649911032863052,0.199670338638352,0.646714215806015,0.19421400547073,0.65085901641313,0.169881817365065,0.642560657093864,0.168288067551355,0.63951482430354,5806.822139167711,7112.675954592363,10493.96763992924,1991.983286819537,5791.037811196894,7509.358909828421,10750.57976263414,2044.209016523455,6054.648993802802,8554.076153334892,11083.45637213024,2134.114683902523,6358.147238714322,9279.31737093519,11852.68316393406,2236.540975989856,6313.850681812727,9755.18900769485,11350.26718075495,1996.377470141151,6322.261155486959,10240.94408168484,11215.93897513505,2072.146162835821,2777150.0,904155.0,17815359.0,4448881.0,1451979.0,10373046.0,2790857.0,923858.0,18131554.0,4525099.0,1458777.0,10648496.0,2804109.0,945458.0,18449851.0,4559034.0,1465530.0,11006083.0,2796936.0,965414.0,18619469.0,4563619.0,1440602.0,11229669.0,2936266.0,1032775.0,18910948.0,4626129.0,1497077.0,11492485.0,2863182.0,1019944.0,19294631.0,4691708.0,1454341.0,11843200.0
