name,reasonClosure,kmeans_cluster,pca_component_1,pca_component_2,pca_component_3,pca_component_4,pca_component_5,tsne_x,tsne_y,lda_reason_component_1,lda_reason_component_2,lda_reason_component_3,lda_reason_component_4,lda_reason_component_5,lda_reason_component_6
Alderson Broaddus University,0,20,-3.7859922150119294,2.164598762060963,-1.8028859384088411,0.5063634253652608,-0.86089982071708,-311.24664,152.79506,-6.4386176025894,2.9275369134746345,-0.6825168872179673,3.725939771902223,1.7704897910829598,0.44784012823720104
Alliance University (Formerly Nyack College),0,19,2.981254198577469,-1.9435332727353722,0.5202514502933925,-1.0845630854017358,1.2439114022115971,178.708,118.196625,-7.47546585597452,4.332237225274074,-1.1971455050384086,0.1917203280827077,3.488589603095225,-2.29337071757133
Ancilla College,3,15,-2.3868502389593234,0.6953259913820927,0.960960556750291,0.668654067028881,0.26434542355194995,-214.22331,-30.491405,-22.178046471555454,11.943267325092384,-8.12500541286297,-0.8438012983125143,-2.5513202169177585,-0.62221290989095
Becker College,12,10,0.39943720415185735,-3.2366206845744023,-0.9176881612642757,-1.350030313431528,-0.9843164202008099,92.2628,106.74983,-28.274856904996525,-0.7752105281081344,20.80305048401382,-0.4053654409264422,-2.892904906630741,0.28259583464448873
Bloomfield College,0,6,-0.1690319484613448,-2.246822406275848,1.3983317963459578,0.03212579957507884,0.8309617165321388,102.30319,-18.025553,-5.817318370039797,5.151647012523798,-0.3653328012960798,3.332977341737694,3.710251290795662,0.1434250168313204
Bluffton University ,3,15,-0.7333285104071788,0.5298142504621911,0.6082203255511605,1.375738794502306,0.31908721104484333,17.097675,-125.54757,-25.392196832020378,11.452754484838321,-3.990180340844668,-0.377103834815311,-3.5078797376391777,2.5012997183283527
Cabrini University,0,6,-0.16701018337074403,-2.1580046223427995,1.5456847272847851,1.2522989174372543,-0.500403379212747,172.65294,-18.657785,-4.132329222947008,3.9441158051620846,1.2255186519077543,2.0605402063473446,2.5647223793521006,0.013964944415212715
Cardinal Stritch University,012,14,-1.573326507155826,0.4155200971354018,-0.5461843289435367,-1.4940423598635364,-2.003854842355203,-95.57853,-88.4182,63.443746391777545,29.36772128802633,3.439028743120998,-1.4019916495380014,-1.6588465421417797,-0.23188506759986635
Cazenovia College,012,5,2.86680110325577,-1.9526227463583516,0.1856352245162891,-0.7817465515179135,1.372645553784175,131.0243,177.5087,63.914343825670734,29.44853288992185,3.2492908499406825,-1.3530098407740865,-1.621943927038221,-0.25737433382151403
Chatfield College,12,15,-0.7393055582661886,0.6450317278281998,0.6195078126053637,1.140675849208674,0.24478493818882477,-3.2776206,-23.767296,-28.748962224150752,-1.4297133137730478,22.697968326425578,-0.802157177794314,-3.7053153589493215,-1.3542006712515235
Compass College of Film and Media,3,3,-1.1820387517842825,-0.9221606032851902,-0.220776697421155,2.9330401020816126,0.9216744361544947,102.89452,-152.0623,-22.59844283984236,10.153796513655818,-6.881094227756801,-0.5242691976004987,-1.3497538500614021,-1.499955319024409
Concordia College,02,5,2.912268214397802,-1.958315894255355,0.4422537212210675,-0.6397652012777505,1.2963210911421392,228.81093,79.081,-4.269317187151622,-4.458075718610301,2.779798236407421,-2.2894390698009643,-1.0791464578575976,9.329824155219269
Finlandia University,01,3,-1.2541490351054445,-0.9762718761393065,-0.27334837641077353,2.645592656117513,1.0906905450359536,56.993504,-184.71727,2.5007359136962592,-10.593126755571701,-1.899944879875797,-5.864369079301048,1.5630237331557264,0.45616550539555994
Fontbonne University,01,1,-1.7128545816217753,0.650125345383852,0.05116479940986885,-1.3932101994560353,-0.5187792659452798,-151.01604,-59.87911,0.6132620982127317,-10.044584610383739,-2.0219836788590704,-4.4577507164468475,2.4308754276384024,-0.8526511307045116
Hodges University,0,8,1.9330804306656606,3.12731471398423,-1.222045773517825,0.12523879910065872,1.2642121313059307,-501.68893,85.57878,-6.205185538181749,4.5370517071180725,0.27379042832976186,2.9633812130513397,2.9830223319506444,0.13406905635510827
Holy Family College,012,14,-1.570738222492637,0.3900909862354135,-0.9634170900081909,-1.3218617223756945,-1.866368541059742,-117.8548,-197.05785,63.868804344815125,28.935157536863713,2.7210548060300157,-0.6548220290056196,-0.7386677513412743,0.16708314353225076
Holy Names University,01,2,7.933171836498912,1.4865445636857422,0.37107761815545115,0.6450263246923088,-0.8387976139173705,428.66483,126.29792,4.993267964952039,-11.57688717711068,0.476465397231828,-3.4693689529656604,2.3476993808712767,-2.6895190626833028
Independence University,0,17,-2.276689238826688,1.3272810714168,2.559306903016775,-3.1428725029068834,0.577464859091219,-281.20413,-164.4808,-5.995297972807486,5.253634091920462,0.16482773874027234,3.153865505841677,3.362585341799969,0.06477862236644276
Indiana University-Purdue University Indianapolis,3,4,-2.8317222826164694,1.4363222790632721,8.40919135879813,-1.981546423141501,-0.3169215080221776,-277.603,-263.00458,-23.39845056987197,11.058393098931678,-7.419161245457574,-0.8759877876727232,-3.7489191396468664,-0.5283636414913199
Iowa Wesleyan University,0,1,-3.761539977504105,-0.06772545091594102,0.7433092352921229,0.2178803594430388,1.3678253728728555,-277.75317,-60.296856,-4.994512623208085,1.8548587120613311,0.8884487376398813,2.0606261612247865,4.028498305600312,0.7494218578457844
Johnson University Florida,01,8,1.8959665286891334,3.115354233669442,-1.0738933063351501,0.17081167991226595,1.3703999010421997,482.82806,1.8918998,2.3792513853949537,-11.233780135919682,-0.9704755797837331,-5.472090929512385,2.8507645482671,-0.7029295167378876
Judson College,0,7,-3.9163899067969696,2.5458003193672125,-0.6508446162743431,1.6215776329478788,1.2540634015512122,-325.02847,65.57211,-5.57793052905532,4.10460222723324,-0.8167603503863347,3.418266692406225,1.6526510554528182,0.024864479670449063
Lincoln Christian University,01,0,1.0351722911040744,-0.9010264239064875,-2.1963246893269757,-1.2500468454082245,1.7946624602687875,27.160204,242.84299,3.480000336130479,-10.323380983923714,-2.5334560361879763,-6.100073953107534,0.3387409451389017,0.034672768192972304
Lincoln College,012,0,0.9759716908372733,-0.85750968225501,-2.0467190756017186,-1.4911302923558842,1.926665715317436,-25.652105,-231.39351,63.91434382566886,29.44853288992457,3.2492908499408277,-1.3530098407741358,-1.6219439270373457,-0.25737433382211444
MacMurray College,0,0,0.9042445653822647,-0.9428056070003564,-2.1757260724143137,-1.2338920847943764,1.9996231612399984,42.668724,182.45366,-6.7106949892830885,5.01902407845291,0.9617243394850992,3.600282046746275,3.692235868359082,-1.3454005171938024
Magdalen College of the Liberal Arts,1,12,-3.0526872142220087,-4.233172113877271,-0.23503142336787816,1.2933949432682241,-1.2760899603634284,268.2759,-159.93182,23.93145785498169,-30.011529143035226,-1.5610140011327218,2.910735343770635,-3.0005076126810604,-0.04167424643474867
Marlboro College,1,12,-3.8664857936887724,-5.069929328930778,0.03505559722596439,3.2918951769689326,-0.5664547128371025,256.53665,-216.6765,24.381704619815714,-28.297235365942164,-2.1826101320403564,3.2996483101150154,-3.554079978952525,-0.5113209236962716
Martin Methodist College (UT Southern),3,20,-1.6801376261712788,3.7548470788601906,-1.304259484693271,-0.6773359611452406,-0.7205960650693345,-186.8797,131.94893,-23.161548218297657,10.463117238710977,-7.486151854805568,-0.8903626887762481,-3.2598023749098908,-0.3146184194869402
Marymount California University,012,2,7.8557731703592335,1.4449965952549733,0.14426958562769196,1.04955729089813,-0.6331199833429795,358.8416,133.27266,63.91434382567038,29.44853288992138,3.2492908499405764,-1.3530098407742082,-1.6219439270383875,-0.2573743338214199
Medaille University,01,19,2.9995896122059142,-1.938160571229129,0.6218004364734218,-1.1414192147351965,1.118745043277503,191.55357,171.98691,4.166254655813982,-9.898095937378331,1.2124505247922415,-2.80035831140296,3.128252334881335,1.618507916070714
Mills College,0,2,7.9439403062986,1.4979734930841786,0.7304986285376958,0.8712728955589881,-1.0336839744537267,404.4299,245.00287,-6.159646057325632,5.050427060174554,0.8020264722402987,2.2651934012827097,2.0997461562533237,-0.2903884209982653
Multnomah University,0,9,-1.6050254752618898,-2.217545322754551,-0.7945536023916794,2.11918090458212,-1.2962927290857118,136.35321,-245.1538,-6.205185538185014,4.537051707115792,0.27379042832874745,2.9633812130504213,2.9830223319504565,0.13406905635541158
Nebraska Christian College,01,1,-2.4065440195416192,1.0882259760575506,-0.10424314805372381,-2.789223296535194,0.22678624059212676,-135.5483,59.59336,2.4494778183478183,-13.315737688395588,0.41117187295785307,-6.670201888754577,2.125548579469422,-0.5248421997705411
Notre Dame College,0,15,-0.6933975998772082,0.5124297698717415,0.7949453945190307,1.0155093688716177,0.24745831710355784,-17.953793,-80.51087,-5.018966011911023,3.8655101885280363,-1.8367636108818497,2.0505315075020887,1.6278602568076235,3.0590309824451105
Ohio Valley University,0,20,-3.7648942741413616,2.2013611600261624,-1.9064137677780602,0.4987178005442942,-0.8733238121142499,-258.49255,171.90884,-5.382204166372493,6.9397129491678005,1.284177285893034,2.076865404451154,4.110368601077303,-0.4265909222238205
Pacific Northwest College of Art,3,9,-1.5765427650494495,-2.2263464109710993,-0.7516226519185683,2.103891056279923,-1.3047928996273832,160.41112,-201.8461,-23.85221366480211,10.939528966387511,-7.138342542003373,-0.991979969032811,-4.805501909459249,-0.676809421374554
Pennsylvania College of Health Sciences,3,6,-0.16431116801737078,-2.105896155322638,1.6301944390659309,1.5598352268211504,-0.6310591937680173,202.42384,-94.51645,-23.39845056987276,11.058393098928923,-7.419161245458164,-0.8759877876733453,-3.7489191396473056,-0.5283636414908065
Pine Manor College,0,10,0.5279989333858507,-3.3461719879850493,-0.9588907241512298,-1.2297064862623968,-1.1565949543770744,123.28406,58.02701,-5.80117967933952,3.515831827268256,0.4973351369950533,3.720139360281306,2.189409969976386,-1.2593229379296251
Presentation College,0,13,-4.427307703166288,0.23126522968159147,1.7686951026558781,-0.645799253867345,3.088923934657956,-348.62494,-99.0938,-7.0133432381553655,6.061453800574471,-0.19586151553272202,3.644136182776816,2.412299942462451,-0.1735797695705786
Presidio Graduate School,0,2,7.977243150648557,1.5623539910603608,0.19048064362650885,1.0502909928989739,-1.099228420035045,461.9436,195.84349,-6.205185538183273,4.537051707121369,0.2737904283300242,2.9633812130516204,2.983022331951563,0.13406905635436087
Salus University,3,6,-0.1477583864769182,-2.0743370789033015,1.6141926061655913,1.5906472252802777,-0.745871912899876,231.01898,-46.353607,-25.43865191600052,11.48342422337078,-6.946706117882586,-0.4329952335071325,-4.748660221689621,-0.5947815151851442
San Francisco Art Institute,0,2,7.931703126942676,1.459784712652257,0.2370291782640392,0.8240456522577164,-0.9021495956591945,401.55536,180.73306,-6.551430173288719,5.560512424934254,-0.5450952928270968,2.7276548043371576,1.6404398121775385,1.254106513771616
Sierra Nevada University,12,18,-0.8929700506107938,-0.8650881882129078,-0.40686728279990314,-0.5994789656400695,0.08806109427906932,56.735775,-288.8232,-28.566741526103133,-1.9803264853809155,22.51148128525379,-0.84205197358595,-2.9339973651618885,-1.1225347874154727
St. Augustine College,3,0,1.0404842548510307,-0.8375258173808917,-2.0617791749395176,-1.194469337005574,1.794378488448119,-31.189306,210.07292,-23.39845056987438,11.058393098931374,-7.419161245457978,-0.8759877876733015,-3.7489191396465613,-0.5283636414914114
St. John's University -- Staten Island,1,19,2.9441122139095977,-1.9354097511405048,0.279905958136795,-0.8329927350052746,1.3363455933616624,231.40495,216.4188,24.244062163443544,-28.72725959038518,-2.134691998959902,3.2439351528691387,-3.3578716842827045,-0.3824236136191335
St. Louis Christian College,1,1,-1.6974068588677629,0.6887552158034537,-0.062477665738840976,-1.01563998913503,-0.4801873344183898,-147.4209,-2.8015244,24.210816314905685,-26.715632337747284,-3.709397498677456,4.487291315724495,-2.8402031045696745,-0.5858520822856313
The College of Saint Rose,0,19,2.9196858426731884,-1.901264534771576,0.5339149016138135,-1.0819684924027588,1.2991274428471962,245.43164,145.07144,-7.49876434388585,2.053578863175902,-0.5468585360528478,3.800915212887865,1.8187734477211992,0.7202183011545417
University of the Sciences,3,6,-0.17826285619216323,-2.1008398761265505,2.0318130003680777,1.502195295974707,-0.5831806569361386,150.47937,-78.08276,-22.754768302444983,10.862390069771392,-9.039236445140133,-0.619642741412092,-2.324170580686278,-0.34101642855336817
Urbana University,02,15,-0.7356669679862877,0.5387951972459373,0.6720501258521051,1.0729308912967825,0.2541836329824541,41.060303,-74.4403,-5.7203015766765235,-4.499874448439202,2.948129007004163,-2.471858594470933,-2.3326818621628567,4.809640040936395
UW Oshkosh - Fond du Lac Campus,01,14,-1.5881662436257553,0.509650777237849,-0.9079354274591531,-1.382283435982465,-2.3349602761291806,-78.1837,-146.5942,2.868339111493649,-11.188133683943542,-1.2567424964523994,-5.400486518942285,2.7838934688285706,-0.741089358809134
UW Green Bay - Marinette Campus,01,14,-1.5809079079447381,0.4788629855365668,-0.9215298101085759,-1.3753214306655825,-2.332433248670615,-137.81699,-132.98712,1.9271442437090893,-11.349756887731958,-0.8772667100909152,-5.498450136469392,2.71008823862181,-0.6901108263664698
UW Milwaukee - Waukesha Campus,1,14,-1.572756381718988,0.503059842845828,-0.5028238693533678,-1.571797709572417,-2.451599144579779,-192.79164,-114.13501,25.008674362357073,-27.658210312058834,-1.444502363178252,-0.42043880247649534,-2.8643705678166356,-0.06164284416052953
UW Milwaukee - Washington Campus,01,14,-1.5475786948059487,0.4689633767470361,-0.7459407051929173,-1.4709279084776261,-2.451714187787432,-65.99758,29.760693,1.633129478686391,-12.337994564160235,-1.7571942390530289,-1.7850943723600154,2.2534897372601317,-1.0363808620471648
Wave Leadership College,12,16,-2.0398547066524353,2.4668386642099103,-0.680182405252693,0.8529316341946579,0.612099491108769,-262.6329,93.689316,-29.2195596580411,-1.510524915665117,22.887706219607086,-0.8511389865572853,-3.742217974052478,-1.32871140503039
Wesley College,01,7,-4.6532237986481615,1.208438053053298,-1.5082278604693025,2.7236557129935455,0.3255928036407813,-370.76578,6.80515,1.5509909410901546,-10.275220449753073,-1.0151104416024697,-5.069644328747856,1.7133838005758857,-1.0053716558005177
Woodbury University,01,2,7.98675921813521,1.4666542267954639,0.2980923800455452,0.8948066864155902,-1.0158096892673643,347.03235,207.72481,0.16457537601001948,-12.544944546098835,-2.3051938992233634,-6.530250797603462,5.277842788222249,0.5488092274822901
Oak Point University,1,0,1.0369594433180778,-0.9285691260676782,-1.8850909147361212,-1.5447503699210947,1.6992777030203803,-9.063552,145.08392,23.374407031328385,-30.02627682849603,-1.4201220933417196,3.4520131584543177,-1.726634083656555,0.3580684946912997
Birmingham-Southern College,0,7,-3.9194523834831947,2.558886957566476,-0.4465819354359646,1.5183283581540146,1.1499651970630527,-299.51187,18.996235,-7.613448425379301,5.052645963408468,0.9954400493894113,2.764805530922755,5.037154314745106,0.39325116300239
Tulsa Community College at Owasso,1,7,-3.7327052074229607,3.453727411577851,1.8556493027171062,-0.26440011361044036,0.7606633557546691,-391.32455,97.43329,23.494255499015097,-29.531322214649315,-1.6185857247355626,3.260730472271785,-4.51856799190752,-0.31406361144139133
Wells College,0,5,2.871488878237181,-1.9866192875050541,0.1911715587704837,-0.7174760884796482,1.35270741378323,161.57695,234.77098,-6.511686268912681,5.633965231478074,0.722248135379592,1.8092219829958842,2.127586636751656,1.1817647693123243
Eastern Nazarene College,0,10,0.5611336077196598,-3.3102174057507634,-0.9363423388644967,-1.639388527983334,-1.0619429648409162,62.59931,58.01652,-7.604264701613396,5.68880390979003,1.9631972006039584,2.0164821218414093,2.3764356031949103,-0.3311516317526851
Cox College,0,1,-1.772784509941063,0.7183851117636612,0.0025014003381881545,-0.9268809760330822,-0.5124371681211127,-94.67559,-27.056244,-5.380942538897046,3.791087496124268,1.7579103558445877,1.6277188986880715,0.11819555200147151,-0.4168310049778295
University of Wisconsin–Platteville Richland,1,14,-1.6273356922923783,0.4727623313305224,-0.07691069835486714,-1.8151575461867662,-2.062183657363043,-181.93488,-183.9125,24.993868827870067,-27.92319696611726,-2.6507982731839332,3.2271398334665657,-2.1971753766568893,-0.4507836157975745
Maryland University of Integrative Health,3,16,-2.1726425798994913,1.9234524055280249,-1.3599712477417052,0.14206249643973473,0.8646649001044688,-221.67506,54.651646,-21.35824922374604,10.633361974491498,-7.89161637303313,-1.3189803418391879,-2.74917805760388,-0.4619457677974715
B. H. Carroll Theological Seminary,3,11,2.7235342018421798,5.5009173215084815,0.6003744954843853,1.7709514034655118,0.05772796081674164,406.3961,10.375051,-23.39845056987326,11.058393098929612,-7.4191612454581755,-0.8759877876734028,-3.7489191396472914,-0.5283636414911174
