totalEnrollment,statePopulation,stateBirthRate,stateFertilityRate,statePercentOfTotalBirths,regionPopulation,regionBirthRate,regionFertilityRate,regionPercentOfTotalBirths,stateUnemploymentRate,stateHighSchoolACGR,endowmentMedian,stateTwoYearStudentShareMedian,stateFourYearStudentShareMedian,stateTwoYearAppropriationsPerFTEMedian,stateFourYearAppropriationsPerFTEMedian,stateTwoYearNetTuitionRevenuePerFTEMedian,stateFourYearNetTuitionRevenuePerFTEMedian,statePopulation18to24yoMedian,statePopulation25yoAndOverMedian,statePopulation18to24yoHighSchoolGradMedian,statePopulation25yoAndOverHighSchoolGradMedian,statePopulation18to24yoSomeCollegeOrHigherMedian,statePopulation25yoAndOverSomeCollegeOrHigherMedian,statePerCapitaPersonalIncomeMedian,locationType_Rural,locationType_Suburb,locationType_Town,locationTypeKind_Fringe,locationTypeKind_Large,locationTypeKind_Midsize,locationTypeKind_Remote,locationTypeKind_Small,typeOwned_Public,level_4-year,level_graduate school,level_seminary ,hasUndergraduate_True,hasGraduate_True,hasReligionAffiliation_True,hasSpecialDemographic_True,carnegieAward_Baccalaureate Colleges,carnegieAward_Baccalaureate/Associate's Colleges,carnegieAward_Baccalaureate/Associates Colleges,carnegieAward_Doctoral Universities,carnegieAward_Doctoral/Professional Universities,carnegieAward_Master's Colleges & Universities,carnegieAward_Masters Colleges & Universities,carnegieAward_Special Focus Four-Year,carnegieAward_Special Focus Institutions,"carnegieProgram_Arts, Music & Design Schools",carnegieProgram_Business & Management Schools,carnegieProgram_Diverse Fields,carnegieProgram_Faith-Related Institutions,carnegieProgram_High Research Activity,carnegieProgram_High Transfer-High Nontraditional,carnegieProgram_Larger Programs,carnegieProgram_Medium Programs,carnegieProgram_Mixed Baccalaureate/Associate's,carnegieProgram_Mixed Baccalaureate/Associates,carnegieProgram_Mixed Transfer/Career & Technical-High Traditional,carnegieProgram_Other Health Professions Schools,carnegieProgram_Small Programs,carnegieProgram_Very High Research Activity,isMerged_FALSE,isMerged_TRUE,name
0.0,0.0,0.8809777600694283,0.0,0.0,2.1080698887544034,0.9070477734837588,0.0,2.503897503692652,0.0,0.8926956924254391,0.0,0.0,0.0,0.0,0.8034922668734471,0.0,0.891496610371557,0.0,0.0,0.0,0.6553236668417516,0.0,0.0,0.6661335195457262,0.0,0.0,0.0,0.0,0.0,0.0,0.0,0.0,0.0,0.0,0.0,0.0,0.0,0.0,0.0,0.0,0.0,0.0,0.0,0.0,0.0,0.0,0.0,0.6447114717879927,0.0,0.0,0.0,0.0,0.0,0.0,0.0,0.0,0.0,0.0,0.0,0.0,0.0,0.0,0.0,0.0,0.0,Alderson Broaddus University
0.0,0.0,0.0,0.0,0.0,0.0,0.9878063027013227,0.7973978197867796,0.0,0.0,0.0,0.0,0.0,0.9773506825393967,0.0,0.0,0.0,1.1151325092697273,1.0505167152785866,1.0372745344124261,0.0,0.0,0.9783829408988947,1.0246925825390716,0.0,0.0,0.0,0.0,0.0,0.0,0.0,0.0,0.0,0.0,0.0,0.0,0.0,0.0,0.0,0.0,0.0,0.0,0.0,0.0,0.0,0.0,1.0166974247770053,0.0,0.0,0.0,0.0,0.0,0.0,0.0,0.0,0.0,0.9685946416429426,0.0,0.0,0.0,0.0,0.0,0.0,0.0,0.0,0.0,Alliance University (Formerly Nyack College)
0.0,0.0,0.0,0.0,0.0,0.0,0.37175008483862815,0.44636544154190927,0.0,0.35235060334191187,0.5430629840323014,0.0,0.0,0.7878408186417621,1.9049341731215819,0.49184596666559666,0.36659908234887295,0.0,0.0,0.0,0.0,0.3309168386989778,0.0,0.0,0.3581801606146115,0.0,0.0,0.0,0.0,0.0,0.0,0.0,0.0,0.0,0.0,0.0,0.0,0.0,0.0,0.0,0.0,0.0,0.0,0.0,0.0,0.0,0.0,0.0,0.0,0.0,0.0,0.0,0.0,0.0,0.0,0.0,0.0,0.0,0.0,0.0,0.0,0.0,0.0,0.0,0.0,0.0,Ancilla College
0.0,0.07562003853728418,0.14708551863323072,0.5931878431807756,0.10185948288680571,0.0,0.0,0.0,-0.40770261802836005,0.0,0.0,0.0,0.0,0.0,0.0,0.0,0.06821216163407706,0.12771747840714076,0.0,0.10965969943388636,0.0,0.06824421882092571,0.06996233034038801,0.0,0.0,0.0,0.0,0.0,0.0,0.0,0.0,0.0,0.0,0.0,0.0,0.0,0.0,0.0,0.0,0.0,0.0,0.0,0.0,0.0,0.0,0.0,0.0,0.0,0.0,0.0,0.0,0.0,0.0,0.0,0.0,0.0,0.0,0.0,0.0,0.0,0.0,0.0,0.0,0.0,0.0,0.0,Becker College
0.0,0.0,0.0,-0.05588988616643942,0.0,-0.25719384827488034,-0.8955976505921991,-1.1031795919867253,-0.2762863215027759,0.0,0.619322719845169,0.0,-0.16234514058151409,0.0,0.0,0.0,0.0,0.0,0.0,0.0,0.0,0.0,0.0,0.0,-0.247731914216642,0.0,-0.314458651046145,0.0,0.0,0.0,0.0,0.0,0.0,0.0,0.0,0.0,0.0,0.0,0.0,0.0,0.0,-0.35279356163169406,0.0,0.0,0.0,0.0,0.0,0.0,0.0,0.0,0.0,0.0,0.0,0.0,0.0,0.0,0.0,0.0,0.0,0.0,0.0,0.0,0.0,0.0,0.0,0.0,Bloomfield College
0.0,0.0,0.0,0.0,0.0,0.0,0.49712307822144886,0.5987844005889693,0.0,0.6544078208936008,0.667593670195765,0.0,0.0,0.0,0.7651756957912104,0.7743010545802519,0.6088830775863362,0.0,0.0,0.0,0.0,0.4641212493013596,0.0,0.5440756686147172,0.379380438072495,0.0,0.0,0.0,0.0,0.0,0.0,0.0,0.0,0.0,0.0,0.0,0.0,0.0,0.0,0.0,0.0,0.0,0.0,0.0,0.0,0.0,0.0,0.0,0.0,0.0,0.0,0.0,0.0,0.0,0.0,0.0,0.0,0.0,0.0,0.0,0.0,0.0,0.0,0.0,0.0,0.0,Bluffton University 
0.0,0.0,-0.17404923374565928,0.0,0.0,-0.21374041730594995,-0.6131052317116388,-0.6515262336328704,-0.2197836598671275,0.0,0.0,0.0,-0.18956082828223764,-0.4235297661399143,-0.18490665618468224,0.0,0.0,-0.2028653393231218,0.0,0.0,0.0,0.0,0.0,0.0,0.0,0.0,-0.17308647996064438,0.0,0.0,0.0,0.0,0.0,0.0,0.0,0.0,0.0,0.0,0.0,0.0,0.0,0.0,0.0,0.0,0.0,0.0,0.0,0.0,0.0,0.0,0.0,0.0,0.0,0.0,0.0,0.0,0.0,0.0,0.0,0.0,0.0,0.0,0.0,0.0,0.0,0.0,0.0,Cabrini University
0.0,0.20003353565770077,0.45121144391864704,0.42057802262016,0.0,0.0,0.0,0.0,0.0,0.0,0.21167352782441964,0.0,0.9824065536406962,0.1970647550622463,1.0036621962720318,0.6942808184259742,0.5437168156022921,0.0,0.0,0.0,0.0,0.0,0.0,0.0,0.0,0.0,0.0,0.0,0.0,0.0,0.0,0.0,0.0,0.0,0.0,0.0,0.0,0.0,0.0,0.0,0.0,0.0,0.0,0.0,0.0,0.0,0.0,0.0,0.0,0.0,0.0,0.0,0.0,0.0,0.0,0.0,0.0,0.0,0.0,0.0,0.0,0.0,0.0,0.0,0.24921848482198516,0.0,Cardinal Stritch University
0.0,0.0,0.0,0.0,0.0,-0.48835869231190704,-0.3950023574461177,0.0,-0.45341863591255815,0.0,0.0,0.0,0.0,-0.46130788567146924,0.0,-0.5568610647967762,0.0,0.0,0.0,0.0,0.0,0.0,0.0,0.0,-0.2560871383739678,0.0,0.0,-0.24272517860528436,0.0,0.0,0.0,0.0,0.0,0.0,0.0,0.0,0.0,0.0,0.0,0.0,0.0,-0.5596011878257505,0.0,0.0,0.0,0.0,-0.38654818504327026,0.0,0.0,0.0,0.0,0.0,0.0,0.0,0.0,0.0,-0.24624352016674422,0.0,0.0,0.0,0.0,0.0,0.0,0.0,0.0,0.0,Cazenovia College
0.0,0.0,0.0,0.0,0.5246056662734562,0.0,0.6362062134269976,0.4856608434932354,0.0,0.648204963431832,0.7057426674451092,0.0,0.0,0.43799926222561325,0.6664309752292896,0.6637203911735667,0.6775838873348776,0.0,0.0,0.0,0.0,0.0,0.0,0.5076912838121763,0.0,0.0,0.0,0.0,0.0,0.0,0.0,0.0,0.0,0.0,0.0,0.0,0.0,0.0,0.0,0.0,0.0,0.0,0.0,0.0,0.0,0.0,0.0,0.0,0.0,0.0,0.0,0.0,0.0,0.0,0.0,0.0,0.0,0.0,0.0,0.0,0.0,0.0,0.0,0.0,0.0,0.0,Chatfield College
-0.3140091122506419,0.0,-0.2459790217276615,0.0,0.0,0.0,0.0,-0.3061908541175561,-0.33429166360797663,-0.35043726009076304,-1.9860886884715059,0.0,0.0,0.0,-0.29870040047625207,0.0,-0.9229751101558994,-1.126739331310738,0.0,0.0,0.0,0.0,0.0,0.0,0.0,0.0,0.0,0.0,0.0,0.0,0.0,-0.16074240394485084,0.0,0.0,0.0,0.0,0.0,0.0,0.0,0.0,0.0,0.0,0.0,0.0,0.0,0.0,0.0,0.0,0.0,0.0,0.0,0.0,0.0,0.0,0.0,0.0,0.0,0.0,0.0,0.0,0.0,0.0,0.0,0.0,0.0,0.0,Compass College of Film and Media
0.0,0.0,-0.1976029310494427,0.0,0.0,-0.420354863335556,0.0,0.0,-0.3858259919537328,0.0,0.0,0.0,0.0,-0.36804793749721243,0.0,-0.33597806155404364,0.0,0.0,0.0,0.0,0.0,0.0,0.0,0.0,0.0,0.0,-0.32070101523408107,0.0,0.0,0.0,0.0,0.0,0.0,0.0,0.0,0.0,0.0,0.0,0.0,0.0,0.0,-0.9640393170279095,0.0,0.0,0.0,0.0,-0.4351946419099582,0.0,0.0,0.0,0.0,0.0,-0.29546184174221396,0.0,0.0,0.0,0.0,0.0,0.0,0.0,0.0,0.0,0.0,0.0,-0.32294724484969545,0.0,Concordia College
0.0,0.0,-0.29475076389263444,-0.1686823951433941,0.0,0.0,0.0,-0.10929973740634402,0.0,-0.20138790526638814,-2.9789067823968205,0.0,0.0,0.0,-0.1825772910064213,0.0,-0.7102386716194525,-1.0095712842911175,0.0,0.0,0.0,0.0,0.0,0.0,0.0,0.0,0.0,0.0,0.0,0.0,0.0,-0.12884949872869225,0.0,0.0,0.0,0.0,0.0,0.0,0.0,0.0,0.0,-0.2618895164025819,0.0,0.0,0.0,0.0,0.0,0.0,0.0,0.0,0.0,0.0,0.0,0.0,0.0,0.0,0.0,0.0,0.0,0.0,0.0,0.0,0.0,0.0,0.0,0.0,Finlandia University
-0.5428229734506731,0.0,-1.3373830407554232,-1.0180678610134188,0.0,-0.7969041670908366,0.0,0.0,-0.9795876491415524,-0.47077737100342393,-0.9701329114100049,0.0,0.0,0.0,-0.6158449556241294,0.0,0.0,0.0,0.0,0.0,0.0,-0.6656340262532873,0.0,0.0,-0.6489988904110966,0.0,0.0,0.0,0.0,0.0,0.0,0.0,0.0,0.0,0.0,0.0,0.0,0.0,0.0,0.0,0.0,0.0,0.0,0.0,0.0,0.0,0.0,0.0,0.0,0.0,0.0,0.0,0.0,0.0,0.0,0.0,0.0,0.0,0.0,0.0,0.0,0.0,0.0,0.0,0.0,0.0,Fontbonne University
0.0,-0.07957076407989913,-0.06611138535866319,0.0,0.0,0.0,0.0,0.0,0.0,0.0,0.0,0.0,0.0,-0.635685993370545,0.0,0.0,0.2493025723686979,0.0,0.0,-0.10804295558701432,0.0,-0.11915103550257662,0.0,-0.06665572778234895,0.0,0.0,0.0,0.0,0.0,0.0,0.0,0.0,0.0,0.0,0.0,0.0,0.0,0.0,0.0,0.0,-0.038765330900517314,0.0,0.0,0.0,0.0,0.0,0.0,0.0,0.0,0.0,0.0,0.0,0.0,0.0,0.0,0.0,0.0,0.0,0.0,-0.10815599427946798,0.0,0.0,-0.0733172316615113,0.0,0.0,0.0,Hodges University
0.0,0.0,0.5833560174370093,0.4096716837014524,0.0,0.0,0.0,0.0,0.0,0.0,0.33869598158926445,0.0,0.9476181031153723,0.0,0.7091143444283686,0.7149441269125115,0.49601068784013197,0.22331052261734838,0.0,0.0,0.0,0.0,0.0,0.24570114953005007,0.0,0.0,0.0,0.0,0.0,0.0,0.0,0.0,0.0,0.0,0.0,0.0,0.0,0.0,0.0,0.0,0.0,0.0,0.0,0.0,0.0,0.0,0.0,0.0,0.0,0.0,0.0,0.0,0.0,0.0,0.0,0.0,0.0,0.0,0.0,0.0,0.0,0.28542353667464576,0.0,0.0,0.0,0.0,Holy Family College
0.0,-0.4507376192898858,0.0,0.0,-0.725574619999147,0.0,0.0,0.0,0.0,-0.3332731260837898,0.0,0.0,-0.8230194474099425,0.0,0.0,0.0,-1.3969185790302245,0.0,-0.37972135221481,-0.5950350650214542,-1.0760736785793532,0.0,-0.49253179701351296,-0.7732685615117255,0.0,0.0,0.0,0.0,0.0,0.0,0.0,0.0,0.0,0.0,0.0,0.0,0.0,0.0,0.0,0.0,0.0,0.0,0.0,0.0,0.0,0.0,0.0,0.0,0.0,0.0,0.0,0.0,0.0,0.0,0.0,0.0,0.0,0.0,0.0,0.0,0.0,0.0,0.0,0.0,0.0,0.0,Holy Names University
2.774590436641005,0.0,2.8434577997791917,0.0,0.0,0.0,0.0,0.833273883148425,0.0,0.0,0.0,0.16904191231348253,0.0,0.0,0.0,0.21150439404297128,0.19614029175845218,0.27882842137931113,0.0,0.0,0.0,0.0,0.16005957601152795,0.0,0.0,0.0,0.0,0.0,0.0,0.0,0.0,0.0,0.0,0.0,0.0,0.0,0.0,0.0,0.0,0.0,0.0,0.0,0.0,0.0,0.0,0.0,0.0,0.0,0.0,0.0,0.0,0.0,0.0,0.0,0.0,0.0,0.0,0.0,0.0,0.0,0.0,0.2577997886666753,0.0,0.0,0.22914965010511232,0.0,Independence University
1.553851191711718,0.0,0.09039863677945205,0.0,0.11274269529738049,0.0,0.14852119823252613,0.0,0.0,0.0,0.0,-7.543112603682457,0.0,0.0,0.0,0.18600486032737332,0.0,0.0,0.09078170587057428,0.0,0.0,0.0,0.0,0.0,0.0,0.0,0.0,0.0,0.0,0.0,0.0,0.0,0.0,0.15175002816626243,0.0,0.0,0.0,0.0,0.0,0.0,0.0,0.0,0.0,0.0,0.0,0.0,0.08160721586022959,0.0,0.0,0.0,0.08130122528309602,0.0,0.0,0.0,0.0,0.0,0.0,0.0,0.0,0.0,0.0,0.0,0.0,0.0,0.0,0.0,Indiana University-Purdue University Indianapolis
0.0,0.0,-0.6054854267071113,-0.7314978864565084,-0.5368455493337093,-0.59703747242188,0.0,0.0,-0.6633027379104414,-1.615972039080854,-1.4189452787427468,0.0,0.0,0.0,0.0,0.0,-0.3773163719514079,0.0,0.0,0.0,-0.526100321911174,-0.9736507616380135,0.0,0.0,0.0,0.0,0.0,0.0,0.0,0.0,0.0,0.0,0.0,0.0,0.0,0.0,0.0,0.0,0.0,0.0,0.0,0.0,0.0,0.0,0.0,0.0,0.0,0.0,0.0,0.0,0.0,0.0,0.0,0.0,0.0,0.0,0.0,0.0,0.0,0.0,0.0,0.0,0.0,0.0,0.0,0.0,Iowa Wesleyan University
0.0,-0.030654940921738254,-0.051873961471020504,0.0,0.0,0.0,0.0,0.0,0.0,0.0,0.0,0.0,-0.004774328664915117,-0.6150908123994034,0.0,0.0,0.0,-0.04825564040189039,0.0,0.0,0.0,-0.12283068028490328,0.0,0.0,0.0,0.0,0.0,0.0,0.0,0.0,0.0,0.0,-0.012819571676808833,0.0,0.0,0.0,0.0,-0.010747275729165848,0.0,0.0,0.0,0.0,0.0,0.0,0.0,0.0,0.0,0.0,-0.07736152682194584,0.0,0.0,0.0,0.0,-0.07174510778205452,0.0,0.0,0.0,0.0,0.0,0.0,0.0,0.0,0.0,0.0,0.0,0.0,Johnson University Florida
0.0,0.0,-0.3712089769645817,-0.27804022747939383,0.0,0.5844831697996888,0.0,0.0,0.5889329828658667,-0.2952706733415829,0.0,0.0,-0.2720171855539168,0.0,0.0,0.0,-0.45148933230729826,-0.7766201973331057,0.0,0.0,0.0,-0.1984337780775828,0.0,0.0,-0.5764896277619393,0.0,0.0,0.0,0.0,0.0,0.0,0.0,0.0,0.0,0.0,0.0,0.0,0.0,0.0,0.0,0.0,0.0,0.0,0.0,0.0,0.0,0.0,0.0,0.0,0.0,0.0,0.0,0.0,0.0,0.0,0.0,0.0,0.0,0.0,0.0,0.0,0.0,0.0,0.0,0.0,0.0,Judson College
0.0,0.0,0.0,0.0,0.0,0.0,0.0,-0.5968616633858931,-0.5422537076937564,-0.41423290554915193,0.0,0.0,0.0,-0.781163467582926,-1.403455556162659,-3.016618645851009,-0.8283806863277178,0.0,0.0,0.0,0.0,0.0,0.0,0.0,0.0,0.0,0.0,0.0,0.0,0.0,0.0,0.0,0.0,0.0,0.0,0.0,0.0,0.0,0.0,0.0,0.0,0.0,0.0,0.0,0.0,0.0,0.0,0.0,0.0,0.0,0.0,0.0,0.0,0.0,-0.4407407292690668,0.0,-0.5826388193944088,0.0,0.0,0.0,0.0,0.0,0.0,0.0,0.0,-0.4398076649372573,Lincoln Christian University
0.0,0.0,0.0,0.0,0.0,-0.43816412686934947,0.0,-0.72882663577698,0.0,-0.5068001615002257,0.0,0.0,0.0,-0.8016261085566546,-1.5579503155772785,-3.105029711648462,-0.830893760001796,0.0,0.0,0.0,0.0,0.0,0.0,0.0,-0.42065754515452314,0.0,0.0,0.0,0.0,0.0,0.0,0.0,0.0,0.0,0.0,0.0,0.0,0.0,-0.29409836036864156,0.0,0.0,0.0,0.0,0.0,0.0,0.0,0.0,0.0,0.0,0.0,0.0,0.0,0.0,0.0,0.0,0.0,0.0,-0.3621071206999331,0.0,0.0,0.0,0.0,0.0,0.0,0.0,0.0,Lincoln College
0.0,0.0,0.0,0.0,0.0,-0.48526012392930523,-0.4812879098414614,-0.6050522132787798,0.0,-0.4997120186665793,0.0,0.0,0.0,-0.5119036710888505,-1.7613858911540738,-2.6554207793251816,-1.105327196700719,0.0,0.0,0.0,0.0,0.0,-0.4114828008863025,0.0,0.0,0.0,0.0,0.0,0.0,0.0,0.0,0.0,0.0,0.0,0.0,0.0,0.0,0.0,0.0,0.0,0.0,-0.5293212412825943,0.0,0.0,0.0,0.0,0.0,0.0,0.0,0.0,0.0,0.0,0.0,0.0,0.0,0.0,0.0,0.0,0.0,0.0,0.0,0.0,0.0,0.0,0.0,0.0,MacMurray College
0.0,0.1363705679279947,0.9911216482646019,0.8104988262597396,0.13031419461502136,0.0,0.0,0.0,0.0,0.05616988152090352,0.0,0.0,0.0,0.0,0.0,0.2301146097431281,0.0,0.0,0.0,0.0,0.1497424739109879,0.19405814921879638,0.11031633926112162,0.1451394631238591,0.0,0.0,0.0,0.0,0.0,0.0,0.0,0.0,0.0,0.0,0.0,0.0,0.0,0.0,0.0,0.0,0.0,0.0,0.0,0.0,0.0,0.0,0.0,0.0,0.0,0.0,0.0,0.0,0.0,0.0,0.0,0.0,0.0,0.0,0.0,0.0,0.0,0.0,0.0,0.0,0.0,0.0,Magdalen College of the Liberal Arts
0.0,0.0,0.7534128458329006,0.7070192212218566,0.10239902993983607,0.0,0.0,0.0,0.0,0.3970936750446416,0.0,0.0,0.13671841828029158,0.0,0.0,0.0,0.0,0.0,0.12277717364510835,0.2011001988378289,0.0,0.26243975663820607,0.11231135631820793,0.15857447808727676,0.0,0.0,0.0,0.0,0.0,0.0,0.0,0.0,0.0,0.0,0.0,0.0,0.0,0.0,0.0,0.0,0.0,0.0,0.0,0.0,0.0,0.0,0.0,0.0,0.0,0.0,0.0,0.0,0.0,0.0,0.0,0.0,0.0,0.0,0.0,0.0,0.0,0.0,0.0,0.0,0.0,0.0,Marlboro College
0.0,0.0,0.0,0.0,0.0,3.019084445676039,0.7127987837892784,0.4718090590234903,2.6930562015257973,0.0,0.0,0.0,0.7380825702886604,0.0,0.0,0.4525582522127983,1.2743808648639068,0.5022564300842969,0.0,0.0,0.0,0.0,0.0,0.0,0.41338450779458213,0.0,0.0,0.0,0.0,0.0,0.0,0.0,0.0,0.0,0.0,0.0,0.0,0.0,0.0,0.0,0.0,0.0,0.0,0.0,0.0,0.0,0.0,0.0,0.0,0.0,0.0,0.0,0.6764350385873058,0.0,0.0,0.0,0.0,0.0,0.0,0.0,0.0,0.0,0.0,0.0,0.0,0.0,Martin Methodist College (UT Southern)
0.0,-0.7409481408012549,0.0,0.0,0.0,0.0,0.0,0.0,-0.6317427890001833,0.0,0.0,0.0,-0.6932795040052164,0.0,0.0,0.0,0.0,0.0,-0.7014378826642981,-0.9138827935720845,-0.6624201411443433,0.0,-0.8448398070437195,-0.7165377422165863,0.0,0.0,0.0,0.0,0.0,0.0,0.0,0.0,0.0,0.0,0.0,0.0,0.0,0.0,0.0,0.0,0.0,-0.6474128037473164,0.0,0.0,0.0,0.0,0.0,0.0,0.0,0.0,0.0,0.0,0.0,0.0,0.0,-0.49365224195884316,0.0,0.0,0.0,0.0,0.0,0.0,0.0,0.0,0.0,0.0,Marymount California University
0.0,0.0,0.0,0.0,0.0,0.0,0.8805040019181298,1.070761363018212,0.0,0.0,0.0,0.0,0.0,0.0,0.0,0.8491349093591375,0.0,1.095426771891269,0.9972809518633438,0.8262752963421739,0.0,0.0,0.9069908507310286,0.0,0.907430461591599,0.0,0.0,0.0,0.0,0.0,0.0,0.0,0.0,0.0,0.0,0.0,0.0,0.0,0.0,0.0,0.0,1.0993611985132465,0.0,0.0,0.0,0.0,0.0,0.0,0.0,0.0,0.0,0.0,0.0,0.0,0.0,0.0,1.320680348618012,0.0,0.0,0.0,0.0,0.0,0.0,0.0,0.0,0.0,Medaille University
0.0,-0.8898637515578902,0.0,0.0,-0.6336795769034708,0.0,0.0,0.0,0.0,0.0,0.0,-0.313768274545005,-0.7351430386727871,0.0,0.0,0.0,-0.8727374473907438,0.0,-0.8383352412247449,-0.7026783664918083,-0.6576849700167317,0.0,-0.733547988149392,-0.6687151912012735,0.0,0.0,0.0,0.0,0.0,0.0,0.0,0.0,0.0,0.0,0.0,0.0,0.0,0.0,0.0,0.0,0.0,0.0,0.0,0.0,0.0,0.0,0.0,0.0,0.0,0.0,0.0,0.0,0.0,0.0,0.0,0.0,0.0,0.0,0.0,0.0,0.0,0.0,0.0,0.0,0.0,0.0,Mills College
0.0,0.0,0.0,0.15664059159845262,0.0953940712820494,0.0,0.0,0.0,-0.15665369815717814,0.0,-0.42400250139250056,0.0,0.0,0.0,0.0,0.1939855235785104,0.0,-0.296732719447239,0.1383247398726533,0.06931774627737773,0.0,0.0,0.0,0.09424773308475587,0.0,0.0,0.0,0.0,0.0,0.0,0.08332466714927238,0.0,0.0,0.0,0.0,0.0,0.0,0.0,0.0,0.0,0.0,0.0,0.0,0.0,0.0,0.0,0.0,0.0,0.0,0.0,0.0,0.0,0.0,0.0,0.0,0.0,0.0,0.0,0.0,0.0,0.0,0.0,0.0,0.0,0.0,0.0,Multnomah University
-0.7233445183723382,0.0,-1.436857315641172,-1.4781609458032434,0.0,-0.965210843020833,-0.4873019040649415,0.0,-0.6497887057706713,-0.5381032757295643,-0.5019432635760639,0.0,0.0,0.0,0.0,0.0,0.0,0.0,0.0,0.0,0.0,0.0,0.0,0.0,-0.5809871707915023,0.0,-0.6844559033835165,0.0,0.0,0.0,0.0,0.0,0.0,0.0,0.0,0.0,0.0,0.0,0.0,0.0,0.0,0.0,0.0,0.0,0.0,0.0,0.0,0.0,0.0,0.0,0.0,0.0,0.0,0.0,0.0,0.0,0.0,0.0,0.0,0.0,0.0,0.0,0.0,0.0,0.0,0.0,Nebraska Christian College
0.0,0.0,0.0,0.0,0.0,0.0,0.0,0.7193256541177386,0.0,0.9643752467445954,0.7002388568264168,0.3975359214813263,0.0,0.0,0.6459040339429224,0.6877527265709684,0.5487572040472474,0.4244252585842059,0.0,0.0,0.36537877372073124,0.5001524778100012,0.0,0.0,0.0,0.0,0.0,0.0,0.0,0.0,0.0,0.0,0.0,0.0,0.0,0.0,0.0,0.0,0.0,0.0,0.0,0.0,0.0,0.0,0.0,0.0,0.0,0.0,0.0,0.0,0.0,0.0,0.0,0.0,0.0,0.0,0.0,0.0,0.0,0.0,0.0,0.0,0.0,0.0,0.0,0.0,Notre Dame College
0.0,0.0,1.030784101892187,0.0,0.0,2.425731242460122,0.7392053225923073,0.0,1.972515703259239,0.0,0.6898527074160576,0.0,0.0,0.0,0.0,0.6119090352883596,0.0,0.8536100424908339,0.0,0.0,0.0,0.0,0.0,0.0,1.113433530029376,0.0,0.0,0.0,0.0,0.0,0.0,0.0,0.0,0.0,0.0,0.0,0.0,0.0,0.0,0.0,0.0,0.0,0.0,0.0,0.0,0.0,0.0,0.0,0.0,0.0,0.0,0.0,0.7947079150974133,0.0,0.0,0.0,0.0,0.0,0.0,0.7220965533202597,0.0,0.0,0.0,0.0,0.0,0.0,Ohio Valley University
0.0,0.0,0.0,0.2879327287779203,0.0,-0.131005964935653,0.0,0.0,0.0,0.0,-0.2637044803608174,0.0,0.0,-0.15024030307389238,-0.12839527602916875,0.16444275025996016,0.12071585158978174,-0.32114619199681754,0.0,0.0,0.0,0.23467579755210083,0.0,0.1405712420627401,0.0,0.0,0.0,0.0,0.0,0.0,0.0,0.0,0.0,0.0,0.0,0.0,0.0,0.0,0.0,0.0,0.0,0.0,0.0,0.0,0.0,0.0,0.0,0.0,0.0,0.0,0.0,0.0,0.0,0.0,0.0,0.0,0.0,0.0,0.0,0.0,0.0,0.0,0.0,0.0,0.0,0.0,Pacific Northwest College of Art
0.0,0.0,-0.23204783119569913,0.0,0.0,-0.228943240231363,-0.598567404461284,-0.6102528607840166,-0.27632803655714244,0.0,0.0,0.0,0.0,-0.22641402031636157,0.0,0.0,0.0,-0.25149285314614267,0.0,0.0,0.0,0.0,0.0,0.0,-0.19384923190118863,0.0,-0.22927350169766916,0.0,0.0,0.0,0.0,0.0,0.0,0.0,0.0,0.0,0.0,0.0,0.0,0.0,0.0,0.0,0.0,0.0,0.0,0.0,0.0,0.0,0.0,0.0,0.0,0.0,0.0,0.0,0.0,0.0,0.0,0.0,0.0,0.0,0.0,-0.19898486586297903,0.0,0.0,0.0,0.0,Pennsylvania College of Health Sciences
0.0,0.11652147347408887,0.1994072625016508,0.5777677690167063,0.07891878755917899,-0.4050409082350608,0.0,0.0,-0.4016018248887236,0.0,0.0,0.0,0.0,0.0,0.0,0.0,0.0,0.0,0.0,0.1510316730438168,0.13892207308574195,0.0,0.0,0.0,0.39254901542495646,0.0,0.0,0.0,0.0,0.0,0.10537083286379811,0.0,0.0,0.0,0.0,0.0,0.0,0.0,0.0,0.0,0.0,0.0,0.0,0.0,0.0,0.0,0.0,0.0,0.0,0.0,0.0,0.0,0.0,0.0,0.0,0.0,0.0,0.0,0.0,0.0,0.0,0.0,0.0,0.0,0.0,0.0,Pine Manor College
0.0,0.0,0.0,0.4936193251860565,0.0,0.0,0.0,0.0,0.0,0.5774858232321572,1.667636722853182,0.0,0.3579975547914231,0.0,0.3806026796950013,0.18075286925124737,0.0,0.0,0.0,0.0,0.0,0.0,0.0,0.0,0.0619449318645624,0.0,0.0,0.0,0.0,0.0,0.0,0.0,0.0,0.0,0.0,0.0,0.09186635932220341,0.0,0.0,0.0,0.0,0.0,0.0670758484394702,0.0,0.0,0.0,0.0,0.0,0.0,0.0,0.0,0.0,0.0,0.0,0.0,0.0,0.0,0.0,0.0,0.0,0.0,0.0,0.0,0.0,0.07486403921084979,0.0,Presentation College
0.0,-0.6771409967354232,0.0,0.0,-0.6188640453296976,0.0,0.0,0.0,0.0,0.0,0.0,0.0,-0.6415612023930115,0.0,0.0,0.0,0.0,0.0,-0.6004196788015921,-0.9292284744178708,-0.8888439102734,-0.4051723766794453,-0.7309714917982973,-1.0873506200417142,0.0,0.0,0.0,0.0,0.0,0.0,0.0,0.0,0.0,0.0,0.0,0.0,0.0,0.0,0.0,0.0,0.0,0.0,0.0,0.0,0.0,0.0,0.0,0.0,0.0,0.0,0.0,0.0,0.0,0.0,0.0,0.0,0.0,0.0,0.0,0.0,0.0,0.0,0.0,0.0,0.0,-0.4666010496833944,Presidio Graduate School
0.0,0.0,-0.23461382530946995,0.0,0.0,-0.32078300007672594,-0.6056418478036717,-0.5261920684825457,-0.3835765237164217,0.0,0.0,0.0,-0.18199057375794517,0.0,0.0,0.0,0.0,0.0,0.0,0.0,0.0,0.0,0.0,0.0,-0.17910558934497037,0.0,-0.24077394336937863,0.0,0.0,0.0,0.0,0.0,-0.15604579153522868,0.0,0.0,0.0,0.0,0.0,0.0,0.0,0.0,0.0,0.0,0.0,0.0,0.0,0.0,0.0,-0.21743068275748811,0.0,0.0,0.0,0.0,0.0,0.0,0.0,0.0,0.0,0.0,0.0,0.0,0.0,0.0,0.0,0.0,0.0,Salus University
0.0,-0.5959055994233445,0.0,0.0,-0.6832642992087584,0.0,0.0,0.0,0.0,0.0,0.0,0.0,-0.5545528579925632,0.0,0.0,0.0,-0.6687119156753356,0.0,-0.6578539460524853,-0.7371715725678217,-1.3198128277099541,-0.41246099847725226,-0.5817796288877652,-0.8346402001585651,0.0,0.0,0.0,0.0,0.0,0.0,0.0,0.0,0.0,0.0,0.0,0.0,0.0,0.0,0.0,0.0,0.0,0.0,0.0,0.0,0.0,0.0,0.0,0.0,0.0,0.0,0.0,0.0,0.0,0.0,0.0,0.0,0.0,0.0,0.0,0.0,0.0,0.0,0.0,0.0,0.0,0.0,San Francisco Art Institute
0.0,0.0,0.644091719492807,0.0,0.0,0.0,0.0,0.46657910084985765,0.0,0.9770055318492794,1.716682059577776,0.0,0.0,0.8972291021093881,0.8829599343249405,0.6336599979659687,0.9338528113730309,1.3104996863338267,0.0,0.0,0.0,0.0,0.0,0.4912862099692781,0.0,0.0,0.0,0.0,0.0,0.0,0.0,0.0,0.0,0.0,0.0,0.0,0.0,0.0,0.0,0.0,0.0,0.0,0.0,0.0,0.0,0.0,0.0,0.0,0.0,0.0,0.0,0.0,0.0,0.0,0.0,0.0,0.0,0.0,0.0,0.0,0.0,0.0,0.0,0.0,0.0,0.0,Sierra Nevada University
0.0,0.0,0.0,0.0,0.0,0.0,-0.5127822452387604,-0.6489081387352732,0.0,-0.4708945729134975,0.0,0.0,0.0,-0.7620150405678582,-1.5820405202491592,-2.91228966310837,-0.6880713879428741,0.0,0.0,0.0,0.0,0.0,-0.5208534350511729,0.0,0.0,0.0,0.0,0.0,0.0,0.0,0.0,0.0,0.0,0.0,0.0,0.0,0.0,0.0,0.0,0.0,0.0,0.0,0.0,0.0,0.0,-0.4216896434054753,0.0,0.0,0.0,0.0,0.0,0.0,0.0,0.0,0.0,0.0,0.0,0.0,0.0,0.0,0.0,0.0,0.0,0.0,0.0,-0.526609198941405,St. Augustine College
0.0,0.0,0.0,0.0,0.0,0.0,0.0,1.0109972212566756,0.0,0.0,0.0,0.0,0.0,0.0,0.0,0.0,0.0,0.9050446670548812,0.6934666061047274,0.0,0.0,0.7724970468865455,0.8710921778703558,0.0,0.7872659133351708,0.0,0.0,0.0,0.0,0.9994685068852831,0.0,0.0,0.0,0.0,0.0,0.0,0.0,0.0,0.0,0.8474046227018753,0.0,1.8966281254890025,0.0,0.0,0.0,0.0,0.0,0.0,0.0,0.0,0.0,0.0,0.0,0.0,0.0,0.0,0.0,0.0,0.0,0.0,0.0,0.0,0.0,0.0,0.0,1.1699812662616365,St. John's University -- Staten Island
0.0,0.0,-0.8431038088338387,-1.0030763998414303,0.0,-0.824094024875505,0.0,0.0,-1.0174137911704837,-0.8582495333927003,-0.9633220934467913,0.0,0.0,0.0,-0.6269283237427091,0.0,0.0,0.0,0.0,0.0,0.0,-0.6624034500778918,0.0,0.0,-0.6484979946684986,0.0,-0.5990644261039967,0.0,0.0,0.0,0.0,0.0,0.0,0.0,0.0,0.0,0.0,0.0,0.0,0.0,0.0,0.0,0.0,0.0,0.0,0.0,0.0,0.0,0.0,0.0,0.0,0.0,0.0,0.0,0.0,0.0,0.0,0.0,0.0,0.0,0.0,0.0,0.0,0.0,0.0,0.0,St. Louis Christian College
0.0,0.0,0.0,0.0,0.9960915194167137,0.0,1.0449336226659671,0.0,0.0,0.0,0.0,0.0,0.0,0.0,0.0,0.0,1.016243106906362,0.8906609244882867,0.0,1.1113589554356436,0.0,1.050637367108816,0.7819321154658608,1.0535475723829353,0.0,0.0,0.0,0.0,0.0,0.0,0.0,0.0,0.0,0.0,0.0,0.0,0.0,0.0,0.0,0.0,0.0,0.0,0.0,0.0,0.0,0.0,0.8307923980889472,0.0,0.0,0.0,0.0,0.0,0.0,0.0,0.0,0.0,1.1776485718866203,0.0,0.0,0.0,0.0,0.0,0.0,0.0,0.0,0.0,The College of Saint Rose
0.0,0.0,0.0,0.0,0.0,-0.20869778968087999,-0.651516286096362,-0.6257514405451385,-0.29637320480150703,0.0,0.0,0.0,-0.2504420720058507,-0.3022307878497405,0.0,0.0,0.0,-0.1715030192993702,0.0,0.0,0.0,0.0,0.0,0.0,0.0,0.0,0.0,0.0,0.0,0.0,0.0,0.0,0.0,0.0,0.0,0.0,0.0,0.0,0.0,0.0,0.0,0.0,0.0,0.0,0.0,0.0,0.0,0.0,-0.14472121519762737,0.0,0.0,0.0,0.0,0.0,0.0,0.0,0.0,0.0,0.0,0.0,0.0,0.0,0.0,0.0,-0.183384726009149,-0.21153330466822082,University of the Sciences
0.0,0.0,0.0,0.0,0.0,0.0,0.478733819971091,0.6196710359692504,0.0,0.7798456635988953,0.5256878361822045,0.5586691298188632,0.0,0.5292129886148665,0.7447068463615676,0.7603814854109284,0.5691008348088944,0.0,0.0,0.0,0.0,0.0,0.0,0.0,0.0,0.0,0.0,0.0,0.0,0.0,0.0,0.0,0.0,0.0,0.0,0.0,0.0,0.0,0.0,0.0,0.0,0.0,0.0,0.0,0.0,0.0,0.0,0.0,0.0,0.0,0.0,0.0,0.0,0.0,0.0,0.0,0.0,0.0,0.0,0.0,0.3878365131095931,0.0,0.0,0.0,0.0,0.0,Urbana University
0.0,0.0,0.40036416450876255,0.3688093578480828,0.0,0.0,0.0,0.0,0.0,0.0,0.4582729512252275,0.0,0.8073267647038876,0.4045668978573189,0.36711277212081317,0.7466266747416912,0.6976858160730119,0.0,0.364551405421901,0.0,0.0,0.0,0.0,0.0,0.0,0.0,0.0,0.0,0.0,0.0,0.0,0.0,0.0,0.0,0.0,0.0,0.33852934934545686,0.0,0.0,0.0,0.0,0.0,0.0,0.0,0.0,0.0,0.0,0.0,0.0,0.0,0.0,0.0,0.0,0.0,0.0,0.0,0.0,0.0,0.0,0.0,0.0,0.0,0.0,0.0,0.0,0.0,UW Oshkosh - Fond du Lac Campus
0.0,0.0,0.4817462916426912,0.0,0.0,0.0,0.0,0.0,0.0,0.0,0.5059817742548747,0.3153357832901307,0.69479919851616,0.0,0.5188085252480304,0.7823677949060974,0.6047076497015756,0.37692901558192454,0.0,0.0,0.3257918209633601,0.0,0.0,0.0,0.0,0.0,0.0,0.0,0.0,0.0,0.0,0.0,0.0,0.0,0.0,0.0,0.0,0.0,0.0,0.34737829974130924,0.0,0.0,0.0,0.0,0.0,0.0,0.0,0.0,0.0,0.0,0.0,0.0,0.0,0.0,0.0,0.0,0.0,0.0,0.0,0.0,0.0,0.0,0.0,0.0,0.0,0.0,UW Green Bay - Marinette Campus
0.0,0.3982611817392777,0.5511941433431657,0.4347060625764219,0.0,0.0,0.0,0.0,0.0,0.0,0.0,0.42410239460169236,0.7388907261213682,0.0,0.47675428563443367,0.71976238885597,0.5323340845855961,0.0,0.0,0.33572586089747597,0.0,0.0,0.0,0.0,0.0,0.0,0.0,0.0,0.0,0.0,0.0,0.0,0.0,0.0,0.0,0.0,0.0,0.0,0.0,0.0,0.0,0.0,0.0,0.0,0.0,0.0,0.0,0.0,0.0,0.0,0.0,0.0,0.0,0.0,0.0,0.0,0.0,0.0,0.0,0.0,0.0,0.0,0.0,0.0,0.34211502549075234,0.0,UW Milwaukee - Waukesha Campus
0.0,0.0,0.5098262297360223,0.0,0.3139491986467027,0.0,0.0,0.0,0.0,0.0,0.0,0.0,0.6840926626970254,0.0,0.5299677901727637,0.6819813386341432,0.5807166319004882,0.0,0.0,0.0,0.0,0.0,0.0,0.0,0.0,0.0,0.40048252528623246,0.0,0.0,0.0,0.0,0.0,0.0,0.4234746268430207,0.0,0.0,0.0,0.39769880890860715,0.0,0.0,0.0,0.0,0.0,0.0,0.0,0.0,0.0,0.0,0.0,0.0,0.0,0.0,0.0,0.0,0.0,0.0,0.0,0.0,0.0,0.0,0.0,0.0,0.0,0.43165634102114836,0.0,0.0,UW Milwaukee - Washington Campus
0.0,0.0,0.37984205273739136,0.0,0.0,1.2845202700567024,0.8189230307793237,0.0,1.5323506979846973,0.5112149008982411,0.0,0.0,0.0,0.0,0.0,0.4805871345952291,0.0,0.5794399096118488,0.0,0.0,0.510048865154704,0.3891581460218429,0.0,0.0,0.0,0.0,0.0,0.0,0.0,0.0,0.0,0.0,0.0,0.0,0.4677611460061738,0.0,0.0,0.0,0.0,0.0,0.0,0.0,0.0,0.0,0.0,0.0,0.0,0.0,0.0,0.0,0.0,0.0,0.0,0.0,0.0,0.0,0.0,0.0,0.0,0.0,0.0,0.0,0.0,0.0,0.0,0.0,Wave Leadership College
0.0,0.0,0.0,0.0,0.0,0.8689332715242915,0.26709343792922924,0.0,0.8902633259631652,0.0,0.0,0.0,-0.17850469708597513,0.0,0.0,0.33007041087334477,-0.7298165009648031,-3.080856359480908,0.0,0.0,0.0,0.0,0.0,0.0,0.0,0.0,0.0,0.0,0.0,0.0,-0.1751744661030386,0.0,0.0,0.0,0.0,0.0,0.0,0.0,0.0,0.0,0.0,0.0,0.0,0.0,0.0,0.0,0.0,0.0,0.0,0.0,0.0,0.0,0.0,0.0,0.0,0.0,-0.09561818390040466,0.0,0.0,0.0,0.0,0.0,0.0,0.0,-0.14254408490874687,0.0,Wesley College
0.0,-0.9401588660281794,0.0,0.0,-0.5599852293245265,0.0,0.0,0.0,0.0,-0.45301926391931513,0.0,0.0,-0.6041612260569527,0.0,0.0,0.0,-0.7051893871800653,0.0,-0.5187242471470496,-0.7256641230823329,-0.9937170396049636,0.0,-0.839231035525929,-0.7063034282845337,0.0,0.0,0.0,0.0,0.0,0.0,0.0,0.0,0.0,0.0,0.0,0.0,0.0,0.0,0.0,0.0,0.0,0.0,0.0,0.0,0.0,0.0,0.0,0.0,0.0,0.0,0.0,0.0,0.0,0.0,0.0,0.0,0.0,0.0,0.0,0.0,0.0,0.0,0.0,0.0,0.0,0.0,Woodbury University
0.0,-0.4368162510172499,0.0,0.0,0.0,0.0,0.0,-0.9229426309603083,-0.4727837796130319,0.0,0.0,0.0,0.0,-0.543533160548967,-1.2673452154424143,-3.4102604521048976,-0.6098252474232285,0.0,-0.3960653013258639,0.0,0.0,0.0,0.0,0.0,-0.42961792508872454,0.0,0.0,0.0,0.0,0.0,0.0,0.0,0.0,0.0,0.0,0.0,0.0,0.0,0.0,0.0,0.0,0.0,0.0,0.0,0.0,0.0,0.0,0.0,0.0,0.0,0.0,0.0,0.0,-0.5569638826291613,0.0,0.0,0.0,0.0,0.0,0.0,0.0,0.0,0.0,0.0,0.0,0.0,Oak Point University
0.0,0.0,-0.5496438752921691,-0.502093272557503,0.0,0.8755777288358527,0.0,0.0,0.6849556336242331,-0.2500351544598133,0.0,0.0,-0.3965441330005613,0.0,0.0,0.0,-0.42917755062279156,-0.8921903096886762,0.0,0.0,0.0,0.0,0.0,0.0,-0.33426370451315635,0.0,0.0,0.0,0.0,0.0,-0.2527392084792612,0.0,0.0,0.0,0.0,0.0,0.0,0.0,0.0,0.0,0.0,0.0,0.0,0.0,0.0,0.0,0.0,0.0,0.0,0.0,0.0,0.0,0.0,0.0,0.0,0.0,0.0,0.0,0.0,0.0,0.0,0.0,0.0,0.0,0.0,0.0,Birmingham-Southern College
-0.6088653818809995,0.0,-0.40491272431011316,-0.4003721562700149,0.0,0.5760067181685318,0.0,-0.2536838460301805,0.5852460067848604,-0.15530949099462707,0.0,0.0,-0.26402503211681283,0.0,0.0,0.0,0.0,0.0,0.0,0.0,0.0,-0.17788256956376633,0.0,0.0,-0.9423553699407234,0.0,0.0,0.0,0.0,0.0,0.0,0.0,0.0,0.0,0.0,0.0,0.0,0.0,0.0,0.0,0.0,0.0,0.0,0.0,0.0,0.0,0.0,0.0,0.0,0.0,0.0,0.0,0.0,0.0,0.0,0.0,0.0,0.0,0.0,0.0,0.0,0.0,0.0,0.0,0.0,0.0,Tulsa Community College at Owasso
-0.2668686637948756,0.0,0.0,0.0,0.0,-0.34994933653939614,-0.36497196742540683,0.0,-0.37344283984299953,0.0,0.0,0.0,0.0,-0.338517519880116,0.0,-0.488291933434968,0.0,0.0,0.0,0.0,0.0,0.0,0.0,0.0,0.0,-0.28528207588629373,0.0,0.0,0.0,-0.45587406095191707,0.0,0.0,0.0,0.0,0.0,0.0,0.0,0.0,0.0,0.0,0.0,-0.6785164077319077,0.0,0.0,0.0,0.0,-0.4444390406659663,0.0,0.0,0.0,0.0,0.0,0.0,0.0,0.0,0.0,0.0,0.0,0.0,0.0,0.0,0.0,0.0,0.0,0.0,0.0,Wells College
0.0,0.0,0.1495789244643994,0.4407308256006173,0.0,0.0,0.0,0.0,-0.3473411712950304,0.0,0.0,0.0,0.10093320364835699,0.0,0.0,0.0,0.09637273400935507,0.09885578138610929,0.0,0.0,0.0,0.0,0.0,0.0,0.1683473222041689,0.0,0.0,0.0,0.034274219058460065,0.0,0.0,0.0,0.0,0.0,0.0,0.0,0.0,0.0,0.0,0.0,0.0,0.09873313780019373,0.0,0.0,0.0,0.0,0.0,0.0,0.0,0.0,0.0,0.0,0.0,0.0,0.0,0.0,0.0,0.0,0.0,0.0,0.0,0.0,0.0,0.0,0.0,0.11336117696952364,Eastern Nazarene College
0.0,0.0,-0.9855767674322066,-0.9418079096706817,0.0,-0.9124021639603639,0.0,0.0,-0.7059393501299478,-0.7281589438587619,-1.1152741106603912,0.0,0.0,0.0,-0.8307606197916882,0.0,0.0,0.0,0.0,0.0,0.0,-0.6439642142098927,0.0,0.0,0.0,0.0,0.0,0.0,0.0,0.0,0.0,0.0,0.0,0.0,0.0,0.0,0.0,0.0,0.0,0.0,0.0,0.0,0.0,0.0,0.0,0.0,0.0,0.0,-0.6644291015817874,0.0,0.0,0.0,0.0,0.0,0.0,0.0,0.0,0.0,0.0,0.0,0.0,0.0,0.0,0.0,0.0,-0.5178406648581237,Cox College
0.0,0.0,0.4065043310484601,0.4269639338247812,0.0,0.0,0.0,0.0,0.0,0.37339311390665414,0.3623055961230617,0.0,0.8681401632303007,0.0,0.563655906489457,0.6531941581206064,0.6645908195229728,0.0,0.0,0.0,0.0,0.0,0.0,0.0,0.0,0.0,0.0,0.0,0.0,0.0,0.0,0.0,0.0,0.30934516047719285,0.0,0.0,0.0,0.0,0.0,0.0,0.0,0.0,0.0,0.0,0.0,0.0,0.0,0.0,0.0,0.0,0.0,0.0,0.0,0.0,0.0,0.0,0.3257529711026664,0.0,0.0,0.0,0.0,0.0,0.0,0.0,0.0,0.0,University of Wisconsin–Platteville Richland
0.0,0.0,0.0,0.0,0.0,2.079765998279289,0.46535377813237144,0.0,1.7015518705679225,0.3235319331693214,0.0,0.0,0.37392184467444933,0.0,0.0,0.44457635682188734,0.0,0.0,0.0,0.0,0.0,0.288290490000071,0.5508795306333033,0.0,0.0,0.0,0.0,0.34990368359992563,0.0,0.0,0.0,0.0,0.0,0.0,0.3760706679676131,0.0,0.0,0.0,0.0,0.0,0.0,0.0,0.0,0.0,0.0,0.0,0.0,0.0,0.0,0.0,0.0,0.0,0.0,0.0,0.0,0.0,0.0,0.0,0.0,0.0,0.0,0.0,0.0,0.0,0.0,0.0,Maryland University of Integrative Health
0.0,0.0,0.0,0.0,0.0,0.29560931143778074,0.24981084153638025,0.1589546447759728,0.31339399087623754,0.0,0.0,0.0,0.0926498746095447,0.1737224042637395,0.0,0.2595157637625742,0.1917422111333081,0.0,0.0,0.0,0.0,0.09205636074830248,0.0,0.0,0.12639075070231373,0.0,0.0,0.0,0.0,0.0,0.0,0.0,0.0,0.0,0.0,0.0,0.0,0.0,0.0,0.0,0.0,0.0,0.0,0.0,0.0,0.0,0.0,0.0,0.0,0.0,0.0,0.0,0.0,0.0,0.0,0.0,0.0,0.0,0.0,0.0,0.0,0.0,0.0,0.0,0.0,0.0,B. H. Carroll Theological Seminary
