state,state_abbr,region,births,total_population,birth_rate,female_population,fertility_rate,percent_of_total_births,region_births,region_population,region_birth_rate,region_female_population,region_fertility_rate,region_percent_of_total_births,unemployment_rate,per_capita_personal_income_2018,per_capita_personal_income_2019,per_capita_personal_income_2020,per_capita_personal_income_2021,per_capita_personal_income_2022,per_capita_personal_income_2023,per_capita_personal_income_2024,high_school_acgr,two_year_student_share_2019,four_year_student_share_2019,two_year_student_share_2020,four_year_student_share_2020,two_year_student_share_2021,four_year_student_share_2021,two_year_student_share_2022,four_year_student_share_2022,two_year_student_share_2023,four_year_student_share_2023,two_year_student_share_2024,four_year_student_share_2024,four_year_appropriations_per_fte_2019,two_year_appropriations_per_fte_2019,four_year_net_tuition_revenue_per_fte_2019,two_year_net_tuition_revenue_per_fte_2019,four_year_appropriations_per_fte_2020,two_year_appropriations_per_fte_2020,four_year_net_tuition_revenue_per_fte_2020,two_year_net_tuition_revenue_per_fte_2020,four_year_appropriations_per_fte_2021,two_year_appropriations_per_fte_2021,four_year_net_tuition_revenue_per_fte_2021,two_year_net_tuition_revenue_per_fte_2021,four_year_appropriations_per_fte_2022,two_year_appropriations_per_fte_2022,four_year_net_tuition_revenue_per_fte_2022,two_year_net_tuition_revenue_per_fte_2022,four_year_appropriations_per_fte_2023,two_year_appropriations_per_fte_2023,four_year_net_tuition_revenue_per_fte_2023,two_year_net_tuition_revenue_per_fte_2023,four_year_appropriations_per_fte_2024,two_year_appropriations_per_fte_2024,four_year_net_tuition_revenue_per_fte_2024,two_year_net_tuition_revenue_per_fte_2024,population_18_to_24_yo_2018,population_18_to_24_yo_highschool_grad_2018,population_25_plus_yo_2018,population_25_plus_yo_highschool_grad_2018,population_18_to_24_yo_some_college_or_higher_2018,population_25_plus_yo_some_college_or_higher_2018,population_18_to_24_yo_2019,population_18_to_24_yo_highschool_grad_2019,population_25_plus_yo_2019,population_25_plus_yo_highschool_grad_2019,population_18_to_24_yo_some_college_or_higher_2019,population_25_plus_yo_some_college_or_higher_2019,population_18_to_24_yo_2020,population_18_to_24_yo_highschool_grad_2020,population_25_plus_yo_2020,population_25_plus_yo_highschool_grad_2020,population_18_to_24_yo_some_college_or_higher_2020,population_25_plus_yo_some_college_or_higher_2020,population_18_to_24_yo_2021,population_18_to_24_yo_highschool_grad_2021,population_25_plus_yo_2021,population_25_plus_yo_highschool_grad_2021,population_18_to_24_yo_some_college_or_higher_2021,population_25_plus_yo_some_college_or_higher_2021,population_18_to_24_yo_2022,population_18_to_24_yo_highschool_grad_2022,population_25_plus_yo_2022,population_25_plus_yo_highschool_grad_2022,population_18_to_24_yo_some_college_or_higher_2022,population_25_plus_yo_some_college_or_higher_2022,population_18_to_24_yo_2023,population_18_to_24_yo_highschool_grad_2023,population_25_plus_yo_2023,population_25_plus_yo_highschool_grad_2023,population_18_to_24_yo_some_college_or_higher_2023,population_25_plus_yo_some_college_or_higher_2023
Alabama,AL,South,348084.0,29935229.0,11.63,5816314.0,59.85,1.58,8821173.0,763063961.0,11.56,150408029.0,58.65,39.95,3.3,41938.0,43372.0,47828.0,53279.0,52798.0,54869.0,57551.0,88.0,0.449355419687467,0.749527133971276,0.40892138396583,0.740036721884276,0.40200499522242,0.746187040966246,0.368463403407396,0.723433365567895,0.221044430847254,0.631661296022285,0.31412263950876,0.65801790975433,6066.658096665156,6307.824433274862,15348.66142105446,4745.989070300904,6374.18191735988,7998.695256851522,15579.25920496386,5177.320111906646,6445.357921569997,7878.70058942893,16060.97073715822,5064.376306889554,7512.197739827782,9138.238125911752,16827.45486146168,5115.434950646989,10843.06866955822,17754.00162959779,16946.399535186,4915.60264675334,9945.415185280084,11544.7214303399,17456.85934502746,5108.510168712199,465929,152557,3299958,1020172,248276,1809743,458997,152515,3320877,1022839,246425,1839116,456268,155009,3344006,1014342,245245,1890717,461491,161085,3413803,1041209,243960,1942547,488930,173641,3428520,1041725,256989,1965615,477950,172657,3448302,1046374,250114,1992547
Alaska,AK,West,57118.0,4399803.0,12.98,867023.0,65.88,0.26,5153390.0,471302990.0,10.93,94808378.0,54.36,23.34,4.7,59869.0,60820.0,64390.0,68068.0,70276.0,72593.0,76299.0,78.0,,0.231684573536617,,0.234743177589781,,0.226669433784304,,0.221730917720112,,0.203613800568357,,0.198561178133664,19014.17965432689,,5733.702529753005,,19596.40542156667,,6011.213939273138,,21209.37739282335,,6216.639784554916,,22189.57001607717,,6321.867122186495,,24291.80530020704,,6210.738964803312,,24120.86258278146,,5976.08546199937,,74651,30003,477727,133851,34734,309116,72088,29568,480586,134582,33093,311628,70195,29696,483436,137486,31713,312774,68835,30264,484382,137873,29856,313840,69612,32205,485871,140126,28690,314056,67610,32416,487903,141206,26559,314843
Arizona,AZ,West,471604.0,43938621.0,10.73,8478149.0,55.63,2.14,5153390.0,471302990.0,10.93,94808378.0,54.36,23.34,4.1,45981.0,48336.0,54111.0,59129.0,60255.0,62804.0,64904.0,77.0,0.178144522455243,0.814888851598464,0.170073180373415,0.800114304339905,0.137095749112127,0.788658624973944,0.140388232719166,0.798379690847996,0.146485692373807,0.762930015737745,0.165578089518508,0.789324329570205,3410.085628555285,9145.873169496277,12506.61660239497,1982.449777038089,3594.467126927299,9723.312507432376,12177.8208061058,1992.554816637547,3772.939047495263,11595.44009289102,11972.36866442379,1842.250219748022,3700.430324783502,12525.09457755359,12159.57229796348,2045.546558704453,4582.305313466404,12384.23880401428,12709.55861681192,2125.463837594051,4316.179857314759,11293.92298778519,13635.66770473259,2241.10389240326,678970,220205,4633932,1112551,349998,2908379,682423,225959,4732532,1129129,350241,2994766,688363,235765,4846056,1151988,351594,3106149,672761,231630,4792007,1125498,342627,3106049,699860,244156,4878959,1151380,354816,3176147,682762,244252,4990633,1171693,342534,3274412
Arkansas,AR,South,215533.0,18201411.0,11.84,3505626.0,61.48,0.98,8821173.0,763063961.0,11.56,150408029.0,58.65,39.95,3.7,43670.0,44263.0,49385.0,54909.0,57031.0,57880.0,60549.0,88.0,0.375025620447116,0.536976408355832,0.385269972236897,0.603571769643453,0.359478589318766,0.545826953038605,0.337156737792375,0.506006635553246,0.334183322497726,0.553988158725735,0.353840336308656,0.63374429500102,6670.639294869458,6810.030354949246,6786.183316932123,3763.539147863193,6901.542471210707,7047.894064223159,6992.447818238406,3839.18971780733,7317.006940764389,7861.784134911157,7048.856066383177,3911.720406760033,8107.816151361329,8394.481550782128,7282.525189531281,3955.121772322431,7394.071753141072,8568.791268656716,7915.223175574507,4027.962835820896,7303.299386705187,8384.027835718909,8678.802237765782,4197.567035891534,285421,95970,1999307,681223,152337,1042055,283463,96685,2011639,684659,151080,1056812,282319,98004,2026722,686812,149246,1079550,279234,101097,2021290,688732,145149,1083837,289554,106460,2031847,693875,148473,1098317,282993,105180,2043779,702778,144167,1107144
California,CA,West,2561478.0,235669717.0,10.87,48016877.0,53.35,11.6,5153390.0,471302990.0,10.93,94808378.0,54.36,23.34,5.3,62167.0,65254.0,72352.0,78893.0,78356.0,81691.0,86834.0,87.0,0.0663481794444579,0.437179018650531,0.0639342019242999,0.430512319495541,0.0564649569981763,0.394138599176513,0.0473274734193507,0.364914104716416,0.0532828296454984,0.349392279302006,0.0525881847774574,0.33714038729625,10388.09365276867,10801.55757999399,8069.096105618215,767.5920132310735,10830.86579903077,10710.96860767353,8187.747192626317,731.5695447644778,10763.09820438927,13235.28652128942,7001.852970516516,792.0531302213708,12469.80164414525,16038.02895562432,7165.025293047439,796.7474320063013,13669.13700056634,14445.00935271975,7340.661324454512,812.9893453610767,14394.88282684835,13381.42160919109,7321.454314485081,742.765353843413,3856220,1152682,26218885,5391120,2254937,16352200,3789808,1151505,26471543,5423462,2220041,16629406,3724239,1164734,26665143,5431385,2176408,16947220,3665851,1177389,26797070,5477154,2123689,17083881,3738836,1238968,26842698,5485499,2135783,17171489,3572575,1217568,26941198,5496195,2010668,17295857
Colorado,CO,West,374074.0,34791624.0,10.75,7170448.0,52.17,1.69,5153390.0,471302990.0,10.93,94808378.0,54.36,23.34,4.8,59236.0,61711.0,65940.0,72734.0,78441.0,80840.0,83374.0,82.0,0.416794527808882,0.771153235427312,0.386185298853347,0.758147276459271,0.375562393022233,0.738733684606407,0.322397292253977,0.752779656480837,0.355283769985106,0.720031888447016,0.335678193072611,0.711210404540264,4270.798683304109,6216.190785714286,14391.46508642285,4442.472553571429,4765.077100711626,6363.43507717303,14937.31463154091,4003.594362307068,5304.151866256364,6913.449402813412,14997.55391723029,4158.032079978767,5529.038691292175,8386.89722675367,16835.78215066092,3990.410494834149,6859.550513440048,6884.995050464129,17641.63455149502,3794.114191605164,7172.355489546812,8266.033987241923,17663.5652025711,4176.781980931477,522730,160510,3748592,803431,296595,2622443,523765,165202,3825579,817452,293150,2692376,525141,168817,3900754,827081,291435,2764888,523401,171013,3937040,810976,288458,2825444,546720,181231,3982760,814208,299311,2871468,531358,179621,4038534,811023,289341,2935065
Connecticut,CT,Northeast,208004.0,21543936.0,9.65,4081181.0,50.97,0.94,3527918.0,339127512.0,10.4,65420694.0,53.93,15.98,3.7,73045.0,74641.0,77771.0,83235.0,86626.0,90596.0,94192.0,89.0,0.387214893542755,0.584039860504034,0.381666697378375,0.589697788206987,0.313414960514619,0.517905902235205,0.27768714394068,0.482622701979584,0.206889397298674,0.446280718445669,0.274693624784261,0.464704461013591,11447.20476173877,10386.31045838222,16072.75129849758,6563.04152314622,11932.91907208305,11039.45942128415,17150.32427660964,6814.114653537269,13666.11897958416,16197.11643261887,14681.29087867053,7393.721557033752,17590.87216645991,17156.60150411503,16409.21294312244,6595.712136978526,20497.1594900904,23579.98070141999,16520.08042352312,6151.031115982083,18175.48200261178,18354.70430256127,15778.62498850448,6951.435185185185,350171,101261,2478708,670519,212178,1572363,348146,100369,2483095,666828,211794,1583604,345760,101588,2489205,655381,210182,1608274,345702,104321,2515137,656949,208107,1633167,347650,103577,2520790,650788,212800,1649926,331497,103163,2532853,647094,197501,1666210
Delaware,DE,South,63300.0,5981414.0,10.58,1108192.0,57.12,0.29,8821173.0,763063961.0,11.56,150408029.0,58.65,39.95,3.9,53504.0,53917.0,57283.0,62987.0,65680.0,67135.0,70141.0,88.0,0.389963299956236,0.817222732004257,0.369392164062391,0.808075367422993,0.334772064692615,0.776929843756864,0.316733596975872,0.776857038330026,0.314650067314929,0.812122253818931,0.308601455705769,0.813941239603429,5662.06583345444,9145.408507765023,24037.79439761662,5846.162502813414,6445.061416105158,10171.84997622444,25907.76118413786,5958.380884450785,7023.048848619418,10741.87555974546,23465.53085270208,5405.786000471365,7610.351511715798,12084.04688752338,25455.43854875283,5601.656425327277,5982.647924384586,12608.96428078886,24597.20555343974,5788.884291821818,6116.984856219159,11984.04837683004,25543.15705291816,5349.005728835137,86090,28436,659979,208557,45513,383940,84244,27742,669320,209449,45043,393055,83602,28782,679870,210998,43865,405029,83629,28876,690618,209928,44410,418902,86569,30493,700364,208129,45022,430891,85034,30586,710442,206192,43776,443106
District of Columbia,DC,South,51796.0,4141845.0,12.51,1112736.0,46.55,0.23,8821173.0,763063961.0,11.56,150408029.0,58.65,39.95,5.8,83549.0,84046.0,92435.0,99053.0,101891.0,106379.0,108848.0,76.0,,,,,,,,,,,,,,,,,,,,,,,,,,,,,,,,,,,,,75780,20186,486981,83572,48696,357604,74637,20271,494116,83185,48570,366081,73940,20176,501986,83347,48302,377828,70406,18130,487726,75562,47355,374230,61935,15983,484596,72816,41038,376403,61998,14162,484406,70322,42943,379433
Florida,FL,South,1313318.0,131147051.0,10.01,23772622.0,55.24,5.95,8821173.0,763063961.0,11.56,150408029.0,58.65,39.95,3.7,52049.0,54246.0,58119.0,64409.0,65874.0,68695.0,71040.0,87.0,0.365265363092864,0.183260835102151,0.353393745166315,0.161530600512667,0.336059415085629,0.153180119942194,0.315825186552461,0.160106665316133,0.305363551063741,0.14033862098108,0.287770043055621,0.121996783428588,11133.8414518093,4487.681235610252,2498.223631296921,2582.487894401814,11369.25743044058,4632.32749582921,2190.280266930501,2531.734808239751,11426.55832315377,5030.911570806093,2066.934912236223,2546.440507249109,12119.57517177363,5631.63049918613,2310.322853712429,2599.643713918109,12998.78752718869,6108.412324566665,2122.035443855356,2685.270088616326,15162.56217877338,6741.36170781805,2106.807559965089,2723.785948621393,1762860,537561,14686727,4231678,951704,8685560,1753429,540717,14965745,4276237,948687,8921925,1747154,553823,15255326,4308542,941986,9194986,1729159,562927,15349290,4282929,923967,9383856,1819253,603531,15579847,4316799,974822,9592176,1773216,598276,15850299,4346402,947717,9860460
Georgia,GA,South,750339.0,64588584.0,11.62,13290576.0,56.46,3.4,8821173.0,763063961.0,11.56,150408029.0,58.65,39.95,3.6,47261.0,48881.0,53532.0,58750.0,58262.0,60663.0,63154.0,84.0,0.309232589480326,0.368147474276069,0.314425714686817,0.361292746925804,0.313790281954407,0.362006814563769,0.260600130506247,0.301025571666765,0.255936776344511,0.295968504198506,0.262328883899461,0.29888367097772,8889.642593992765,6026.876611971343,5177.777890203404,2698.023434250058,9304.915507107135,6190.177319730724,5261.764702873906,2817.22969440396,8793.722649811527,6552.397792823464,4989.512580441731,2974.037141719234,12319.95825141794,8257.552951470687,5305.669418051173,2893.519283839268,12375.12976824872,8536.458905464762,5202.259452144222,2926.515505256355,11671.40176639279,7827.683342822187,4975.351519203364,2773.657710803968,1009642,327282,6786547,1890132,523305,3992501,1010328,334633,6888279,1909067,520926,4093714,1014840,336629,6996425,1925374,525849,4222398,1017562,346785,7075856,1925348,520762,4318519,1051160,367808,7158620,1943296,531647,4406685,1027458,370584,7253060,1950698,511508,4501038
Hawaii,HI,West,95517.0,8560256.0,11.16,1571913.0,60.76,0.43,5153390.0,471302990.0,10.93,94808378.0,54.36,23.34,2.9,52079.0,54616.0,59741.0,63928.0,64786.0,66995.0,70454.0,86.0,0.191874263788364,0.321975947482946,0.186307611856709,0.323418991741913,0.169086792601262,0.314336352366089,0.149022317142066,0.339846459087887,0.138717863804315,0.30125934603955,0.148564656533996,0.309156050674605,18346.91719682881,14599.83252361673,8605.000391504356,3427.985357624832,18054.14306799174,15150.82513357852,8521.363081767195,3430.909513566026,18993.85265216328,16412.80835219391,8613.647958934245,3304.135285098927,17777.34956572656,18347.90112155698,9050.4768712794,3181.916048160977,21060.48124568157,21763.70321914271,8989.444477346757,3475.361421931485,20158.91642136756,19293.87595021302,8929.191719345654,3335.107509815387,127161,50004,988367,273633,67938,634038,124451,49938,993005,271648,65377,641636,121404,49555,996423,272031,63289,649517,122056,49685,1020422,273929,63746,672025,122741,52106,1022529,272827,61376,675109,116812,50165,1027351,273812,57767,680589
Idaho,ID,West,132214.0,11172868.0,11.83,2177962.0,60.71,0.6,5153390.0,471302990.0,10.93,94808378.0,54.36,23.34,3.7,43942.0,46440.0,50857.0,57842.0,58274.0,59950.0,62471.0,80.0,0.35500374612009,0.490208079092098,0.362084575511613,0.52668677493812,0.339363878919839,0.533697668665926,0.331965077971654,0.550435037688614,0.312162231465766,0.529408407272579,0.30435390465008,0.518622183687562,8222.901186569048,5492.789143204375,7907.015450643777,3023.212477212882,8495.13143787575,5482.949786675418,8815.348096192385,3082.170856580243,8850.58054320734,5875.752536869165,9438.367268802836,2992.304086050602,8901.87960474106,6111.561485852219,10125.88180631288,3014.62893925171,9596.002005483348,6673.256036048154,10094.38746445979,3003.104041966507,9726.866765432098,6790.867639361424,9935.430148148149,2951.370910756346,159367,56085,1089266,301860,81897,684715,161047,57183,1115556,305181,82448,707446,164425,59675,1145344,305717,83418,739438,167590,63246,1185197,314521,81756,765993,187034,71136,1212296,319178,93069,789398,185810,71580,1244319,322573,91538,818176
Illinois,IL,Midwest,803600.0,75803621.0,10.6,14934897.0,53.81,3.64,4578485.0,411492814.0,11.13,79003664.0,57.95,20.73,4.8,56903.0,58328.0,63173.0,68959.0,69816.0,72744.0,75030.0,87.0,0.303775757055686,0.364187870884457,0.262839514801166,0.349845165470938,0.272655147781673,0.32438251365488,0.260057450318049,0.331156954346571,0.238774058241036,0.315090297074247,0.219575270309165,0.299894607617538,18149.74188891696,11419.09790140214,9904.92231164363,4982.367599297861,19169.84427176057,12695.93681572352,10031.12209498148,4526.821417579035,21029.92881216952,15345.38999602614,9740.984884569238,5752.428939825658,22064.86337566073,17241.19671847227,10630.722522632,6059.526730777996,22773.61919941376,18434.39508857198,10179.19546884065,5782.324386299893,24561.77506343786,20613.06702339302,10246.0538266345,5799.559638961574,1212593,350211,8682343,2267535,714422,5450221,1192806,349916,8686299,2254524,700870,5494733,1174031,352546,8686700,2220409,682964,5567953,1169584,358307,8764878,2226182,675513,5653375,1190741,380658,8746416,2215906,675081,5667774,1145167,379572,8738607,2207546,638169,5679738
Indiana,IN,Midwest,479716.0,40680271.0,11.79,7927380.0,60.51,2.17,4578485.0,411492814.0,11.13,79003664.0,57.95,20.73,3.9,47188.0,48727.0,53102.0,59797.0,60165.0,61943.0,64153.0,88.0,0.382934262000274,0.657572633755372,0.377177287070132,0.667373223935557,0.36810338247564,0.683609945887111,0.340504195416424,0.684439650338261,0.353355111468034,0.688960434683166,0.363928508121728,0.675676694071124,6196.726977652039,5138.773692363056,11464.81076605917,3128.740131115735,6107.683470272581,5246.473878695209,11734.48617909352,3117.277124745158,5868.818478157552,5417.856379630102,12036.9594015063,3094.551239514743,6367.411743036074,5789.058049417471,13172.73620108249,2934.630081231875,6329.996678422279,5476.906026557712,13403.01158279161,2945.517588100102,6766.259338707245,5436.943204073639,13526.61022383849,3069.965588777183,663318,210738,4399815,1475931,348844,2421260,662719,215401,4430493,1480084,346717,2455019,659700,224023,4466180,1482396,340559,2507359,658039,231999,4501214,1485995,333089,2554739,674851,243838,4532091,1495818,334872,2583019,656377,244351,4559304,1496214,319682,2617439
Iowa,IA,Midwest,220941.0,19075376.0,11.58,3613047.0,61.15,1.0,4578485.0,411492814.0,11.13,79003664.0,57.95,20.73,3.5,49815.0,50237.0,54978.0,60415.0,62643.0,62900.0,64243.0,90.0,0.548716867365305,0.680718121937639,0.50772055646054,0.673220586458897,0.495791339435006,0.66808137384433,0.487186456719213,0.669160567880259,0.490073387031007,0.673393566246005,0.494074849614989,0.681720029852408,6116.554013971281,4246.977026153497,13040.66859788213,5163.915424797778,6527.309525860831,4735.691240522665,13447.35612130611,4884.233586062268,6757.283648881239,5230.7717943272,13600.9702013021,5143.448649379236,6938.933724611939,5630.451680135276,14034.78660900456,5349.078314555929,7096.399298136162,5712.386838699556,14631.27831240739,5489.983646417507,7060.366961451946,5861.444210444211,15122.51485224787,5724.151417651417,321094,87035,2081373,648137,201176,1266527,317986,87211,2092785,648398,198106,1278873,316660,89028,2104864,647371,195839,1299092,317031,92321,2119884,648873,191644,1318631,327316,97371,2131202,652792,195522,1329765,318882,98705,2140476,649969,186762,1345388
Kansas,KS,Midwest,209203.0,17550902.0,11.92,3396536.0,61.59,0.95,4578485.0,411492814.0,11.13,79003664.0,57.95,20.73,3.8,51172.0,52709.0,56926.0,60655.0,63625.0,66637.0,68862.0,89.0,0.253414494889723,0.630046073218726,0.253399532225068,0.614312396692683,0.240086548115521,0.58057627336071,0.221753016847565,0.580053856026651,0.202706512217333,0.548527120474745,0.177378216852725,0.534453231821534,5535.908465435117,7987.414462614614,9427.869628770886,2711.178542395312,5891.673329256796,8504.321082074955,9384.092027822366,2886.404545810187,7052.573379827621,9825.146203417136,9409.9633396934,3104.150125068894,6733.825650110211,10480.61304829564,8953.40502238029,2986.336744226466,7787.899153920805,11080.29095557546,9271.964913000096,2817.089526473352,8916.393832385367,11923.47890596687,10077.48999919131,2571.005862414462,298556,84658,1894675,492819,178954,1226137,297303,87019,1902279,492807,175960,1237346,294657,87525,1911990,494226,173367,1252391,295997,89600,1921951,493339,172820,1267319,307990,97326,1926520,494733,175747,1273418,299455,97507,1933293,495115,167866,1281583
Kentucky,KY,South,315172.0,26961184.0,11.69,5122694.0,61.52,1.43,8821173.0,763063961.0,11.56,150408029.0,58.65,39.95,5.2,42085.0,43938.0,49826.0,54463.0,53375.0,55709.0,58200.0,90.0,0.445657934397111,0.604200305277073,0.427319342384356,0.603666826102048,0.424103224698073,0.581250175680529,0.411183290582004,0.567708004019124,0.378149713256463,0.541225235100107,0.388527332224669,0.54035963107119,6869.892549489128,5269.007503567647,10119.0121858417,4043.46671730424,7128.622145164453,5471.450230869955,10483.27664427175,3904.854310721095,7507.339973179286,5894.076837773233,10143.86643284506,4168.872544912393,8393.862447355612,6269.422087049863,10750.45578929547,4212.999233266031,9047.828055778236,6863.796335569145,10394.57038732543,4027.770714144802,9310.965406955751,6498.223090602771,10674.11815077326,3975.114376637963,424181,150237,3004004,991791,220701,1582640,420653,151057,3019093,993098,217269,1611211,419842,152107,3034491,990196,217317,1654653,418668,155992,3053564,1000507,214102,1676094,424346,162295,3067109,1003270,211784,1700392,409822,159510,3078157,1006715,203199,1718476
Louisiana,LA,South,344727.0,27742127.0,12.43,5509902.0,62.56,1.56,8821173.0,763063961.0,11.56,150408029.0,58.65,39.95,4.4,46069.0,47374.0,53096.0,57085.0,56735.0,59662.0,61827.0,83.0,0.521438033497231,0.489902069361027,0.512943412261895,0.484049449146701,0.520847036194059,0.495003610541291,0.49228985337404,0.460875000631831,0.454032120001152,0.486394742696379,0.44322556003303,0.462510702005896,5746.382957770955,3318.709382469657,5518.871442639502,3616.044348007705,5687.463764174579,3392.345052737318,5335.809211827532,3572.646568649833,5601.139953434788,3660.587406584528,5490.305590242252,3979.117829731367,6464.330452006431,4379.761356672795,5526.080787654771,4246.738203714065,6465.895975440515,4488.212476022022,6123.336481769628,3732.440497247203,6869.858571578598,4655.603685515632,5911.52814108105,3706.137355958575,447201,151257,3107941,1055768,220247,1580213,435859,149420,3125153,1061388,215264,1602059,427537,149367,3139520,1044356,211431,1650988,422367,149182,3133855,1036204,208119,1666056,436823,156385,3121146,1025458,217585,1681334,422108,153873,3110254,1012121,209494,1690733
Maine,ME,Northeast,71355.0,8186066.0,8.72,1430071.0,49.9,0.32,3527918.0,339127512.0,10.4,65420694.0,53.93,15.98,3.5,48226.0,50615.0,57112.0,61842.0,62792.0,65826.0,68918.0,86.0,0.284204060372394,0.532718807545084,0.281582833814102,0.525367298188433,0.247179348733303,0.516985393802404,0.217152825958553,0.509105596441807,0.117079828630508,0.471805408169465,0.147339705168463,0.466108817326375,7865.391619094896,7980.794331320986,8966.853603044594,3168.74409086258,8269.202762867724,8021.296530284798,9153.117130612076,3143.938527878059,8587.75650611972,9318.85837535014,9191.740005848198,3059.7318767507,9097.181325832318,10123.23528702364,9434.668415970444,2808.069343945972,10441.89768520583,11115.60291734198,9327.13790642701,1473.987034035657,11210.91091877497,9703.786537779355,9787.583311140701,1676.814384533523,110255,35412,967897,308013,62692,585458,108877,36112,974117,306589,60731,595543,107473,35977,982385,307457,60203,608403,107561,37128,994900,307382,58881,624911,110172,39467,1005961,311595,59381,634606,108888,38956,1016630,310243,58906,650356
Maryland,MD,South,412473.0,36654242.0,11.25,7192645.0,57.35,1.87,8821173.0,763063961.0,11.56,150408029.0,58.65,39.95,3.1,60503.0,62159.0,66549.0,71897.0,72524.0,76054.0,79325.0,86.0,0.335196047090813,0.552326690750654,0.316937858892938,0.529410280948668,0.304278423640632,0.519955643242289,0.274828990242079,0.529971182686356,0.263470043825834,0.475269233313288,0.259664756047319,0.44796588444336,9414.692846832744,8935.604133792644,11615.58224957452,4505.357061895766,10534.50364152213,9942.937209137512,11851.24601480008,4613.47956580284,10564.3181163073,11026.17708741926,11442.64429787506,4822.371329201642,10397.13577624847,12454.41469908218,11723.07343915928,4720.037301198066,13152.37250651993,13411.97129411115,11912.6195646854,4797.703929118536,14712.01934743178,13919.81692017768,11938.5425161172,4882.228550275946,544400,163944,4114858,1021847,319475,2683254,538158,162587,4139008,1018653,315573,2714892,532160,164489,4164698,1006008,307140,2765662,534601,168132,4240795,1014292,305537,2835150,541318,174144,4260095,1012724,303576,2863454,521989,171308,4272813,1014175,286670,2875937
Massachusetts,MA,Northeast,409468.0,41656322.0,9.83,8419406.0,48.63,1.85,3527918.0,339127512.0,10.4,65420694.0,53.93,15.98,4.6,70234.0,72658.0,79602.0,85585.0,88976.0,90904.0,94849.0,90.0,0.321843436680273,0.438978799448067,0.320300972986176,0.43253682270684,0.276225207859441,0.399763682556682,0.232633307549778,0.382346028782863,0.197909433470372,0.430031607047201,0.142292270460623,0.378556933540217,10224.08940720903,8179.07168818651,7999.980195063694,3881.670816683066,10725.1575452152,9075.796526001704,8175.024835560542,4276.873060528559,12243.9080756922,10521.3160057334,8154.571189682181,4015.410224558051,12540.335096103,12217.4752565505,7762.837360460756,3703.824660103141,15683.12333141726,15259.62961275626,11832.65390347236,3765.191585153424,17907.35284887296,16706.94986788879,10908.40488559978,2771.654897467674,701501,190483,4748795,1150846,437305,3143589,697610,188360,4781683,1148525,437646,3191214,695702,192220,4815331,1133358,434589,3252179,699260,197127,4902868,1137085,433205,3332568,697088,205983,4920101,1127899,421962,3360615,678357,206559,4945630,1129802,408550,3390619
Michigan,MI,Midwest,628417.0,60071512.0,10.46,11321208.0,55.51,2.85,4578485.0,411492814.0,11.13,79003664.0,57.95,20.73,5.5,47508.0,49057.0,56065.0,59953.0,58800.0,61495.0,63816.0,81.0,0.394102585019481,0.743472444051968,0.382316988335313,0.746475256650925,0.324003602738521,0.735886836650953,0.307078586605471,0.692475780692521,0.301607508488779,0.713339584293587,0.281717926939135,0.716718277510671,5513.253842338126,8284.417689530686,15978.6043011785,5388.553154547018,5608.259628132709,9168.295361805056,16512.89333724378,5674.747410402703,6003.198860502822,10710.37032222754,16726.44772121298,5133.457197587936,7708.980681041634,11384.45558081977,17358.90079639666,5045.193381894279,7213.204354572871,12585.9878318926,17949.68511099032,5435.379787135395,7275.017330439173,13840.37799709493,18406.1924084391,5428.344578864636,989175,293587,6772215,1966809,569252,4163870,973907,296389,6813480,1967316,554705,4219974,958470,299275,6853674,1955654,540352,4301707,950524,305689,6923132,1971279,530378,4368952,970018,323186,6938439,1970618,530911,4395419,929350,319589,6967452,1964538,498409,4438012
Minnesota,MN,Midwest,386969.0,34070642.0,11.36,6552584.0,59.06,1.75,4578485.0,411492814.0,11.13,79003664.0,57.95,20.73,3.2,57276.0,58371.0,63783.0,69421.0,71078.0,73223.0,75971.0,84.0,0.433867748622728,0.611343739550355,0.410318227807062,0.602805619560852,0.332493246056351,0.575025145455097,0.385090104149808,0.594047885884416,0.388477232569534,0.592676680911443,0.353607212996478,0.560170602437423,7588.066603173429,6309.214329760296,11935.78358360765,4835.203453207206,8169.379753630559,7216.54839752222,12398.33257049217,5021.490385133316,9322.141005498821,10287.23836941502,12613.60626472899,5124.198756333487,8965.556242653447,8238.130551692166,13053.68087085399,5159.166527584608,9271.326064994108,8358.998406225097,13422.69207779087,5310.154814918983,10670.27714216548,9599.956042638041,13530.57785051942,5251.626827184,503989,139569,3731762,930058,303247,2539303,500630,139991,3766900,928450,299053,2580059,498444,141873,3802438,921198,297727,2628909,499402,146845,3847501,919096,292790,2680795,513816,158230,3874392,918095,292830,2713072,498867,156720,3897590,916744,282866,2741210
Mississippi,MS,South,213399.0,17759177.0,12.02,3496766.0,61.03,0.97,8821173.0,763063961.0,11.56,150408029.0,58.65,39.95,4.0,38202.0,39598.0,45310.0,50053.0,47989.0,50451.0,52757.0,89.0,0.427518243570609,0.61583002041613,0.420649274358165,0.604007572952872,0.361117346688814,0.581386360395184,0.405393213062925,0.6011899163761,0.386261754139888,0.548656209264703,0.377198004673503,0.565852322421905,5437.955014044944,4827.505347982977,8717.120351123596,3605.087121150828,5798.563187282776,5121.462257155568,8844.553173608341,3718.540923097204,6369.715441876569,7195.293661292052,8846.50027409908,4067.015033427479,6236.864162998513,5884.844344023857,9401.818054676343,4012.190929215683,7922.361031818386,6521.329930576291,9630.469414595507,4104.258379366976,7989.23123648108,6841.155364065629,10412.87396663605,4143.323515902034,301140,88689,1967314,596564,167015,1054405,295255,88025,1975670,601355,164525,1068210,291502,87817,1983112,596914,162806,1095163,286864,88217,1974105,588217,159339,1102366,299448,94896,1968322,586782,164365,1110441,288805,95449,1970298,589225,155296,1117807
Missouri,MO,Midwest,420242.0,36957728.0,11.37,7119267.0,59.03,1.9,4578485.0,411492814.0,11.13,79003664.0,57.95,20.73,3.9,47388.0,49173.0,54330.0,59202.0,60469.0,63390.0,65415.0,90.0,0.303594436110713,0.554760969973304,0.282349932837393,0.52214401381573,0.261464384123713,0.483796057622182,0.230441965226767,0.485114966215978,0.257302874273735,0.557552976300883,0.25195072916606,0.563784053016873,6223.428129124773,5666.717443319669,7754.295541577721,2470.37642432862,7255.164527546387,7211.121089201149,7927.578259626041,2837.120274047046,8468.861857749567,8608.83623182419,7937.176846137476,3047.793518671514,8792.713211734086,10918.4826735117,8284.328525358524,3269.508589199329,7143.713724018019,10343.2031913128,9002.205089702047,3583.339450411362,7441.157820982694,11380.12539960331,9617.269025733493,3832.94390386186,580161,177040,4124838,1266430,328953,2427879,573249,179190,4150049,1270622,322802,2461161,567945,184470,4176792,1275987,317103,2507760,561340,185856,4187819,1276601,310654,2533679,580838,195757,4199109,1280433,319886,2553713,564178,197116,4217432,1279442,305441,2583258
Montana,MT,West,66867.0,6571610.0,10.18,1214373.0,55.06,0.3,5153390.0,471302990.0,10.93,94808378.0,54.36,23.34,2.7,47987.0,50258.0,56094.0,61425.0,62723.0,66087.0,68444.0,86.0,0.239910427687935,0.584425012802572,0.222981705694473,0.56285497267237,0.19041199859705,0.513483673992327,0.202003257688157,0.56090542029482,0.200399132622238,0.56034352917237,0.203152845307311,0.566915409731266,5987.995319392531,5279.573974243785,8420.945314341516,1666.415244085056,6563.417757915887,5833.046038208581,8450.862052241391,1673.914970247416,8191.600181851246,7153.083836351442,8645.656337515911,1682.377934272301,7015.561245450286,6486.104615902965,8961.77386572489,1641.879211590297,7532.250758232236,6344.519790644423,9599.876841421144,1590.08864900229,7714.305354661727,6556.563413117811,10098.16252805586,1671.568386695679,99873,35265,714267,208896,51971,456763,98968,34985,723295,208541,51621,468104,98428,34298,734688,206206,52877,484254,98701,35441,746462,207496,51435,496806,102293,37558,758200,210938,52330,505381,99795,37695,770335,214759,50092,513754
Nebraska,NE,Midwest,147599.0,11711222.0,12.6,2272581.0,64.95,0.67,4578485.0,411492814.0,11.13,79003664.0,57.95,20.73,3.0,52957.0,54481.0,58589.0,64583.0,68661.0,71404.0,72496.0,87.0,0.202830169226147,0.494129630919435,0.18568590216014,0.490227116581973,0.171035779466317,0.482398032242153,0.155547910456219,0.456120266527071,0.157254153123333,0.445404450252897,0.150259576816693,0.435818067016191,8970.587212337845,10612.05921505623,8503.792240652236,2660.225919975519,9335.34388885538,11987.11346281541,8719.347487785753,2689.156291500664,9707.324820078984,13167.11428067546,8796.51526572179,2675.239407433535,10545.39670928612,14218.78367582442,8570.369273010409,2579.084328258843,11024.18242302015,13880.86040378712,8588.535792253155,2546.900134019281,11630.40845099625,14172.30527998688,8730.348406626443,2463.987332950725,189779,54049,1242463,326549,116127,805175,189438,54333,1251026,326594,115556,816897,189183,56045,1259540,324098,114257,829258,190255,56380,1275315,326345,113258,843364,195219,59176,1283285,325873,114189,853115,190920,59188,1290256,324253,110978,863747
Nevada,NV,West,203080.0,18768746.0,10.82,3675214.0,55.26,0.92,5153390.0,471302990.0,10.93,94808378.0,54.36,23.34,5.6,50122.0,52552.0,56889.0,62865.0,63894.0,66952.0,69175.0,82.0,0.226594250218678,0.257956788041947,0.230424058309267,0.255325360962798,0.263774136740877,0.300665311289566,0.216935862902248,0.283293061108777,0.19683060385033,0.272554583400036,0.206652820745873,0.235731698829081,9281.563399299548,6303.904740577414,3226.553715346639,1846.932956659547,9669.436869471547,6115.316527266645,3315.34381538334,1831.029240548678,8339.517738636838,5337.067358254338,3585.413018072541,1912.158218565552,9847.307426414454,7083.547544758933,3892.349457121045,1962.387786940049,9860.574083108839,8232.266624398613,3694.496659101033,2017.45985156454,12120.09210734911,9904.565855433377,3738.333642849054,2579.963130659767,246923,93627,2001450,563229,112182,1164058,246645,96537,2044695,574254,111696,1198309,248948,101724,2093820,584698,111216,1235123,248490,105037,2116718,587588,108537,1254370,260638,110831,2154487,594523,113868,1281449,252048,107122,2196081,602478,110139,1316214
New Hampshire,NH,Northeast,72263.0,8268721.0,8.74,1497455.0,48.26,0.33,3527918.0,339127512.0,10.4,65420694.0,53.93,15.98,3.1,60847.0,64115.0,68556.0,74338.0,76697.0,80304.0,83674.0,88.0,0.527678160697621,0.838934425839713,0.463046464967853,0.81613268910363,0.419746930693183,0.75109957922901,0.420721995422472,0.796263959977823,0.406463238466821,0.793897219288429,0.373768925313211,0.768343591730246,2588.123660377359,5124.658784126662,13480.63388679245,5725.270983456815,3051.586753003589,6709.445965338337,13545.0923310969,5785.948007506347,4507.002223869533,7785.435779816514,13600.64986409686,5631.875030994297,3493.273213750589,7872.494610778444,13652.80076201892,5717.689288090486,3563.73697652913,8325.146712328768,13727.32995728566,5701.190410958904,4089.121456771503,9774.683179096353,13562.54416004968,5834.065051714752,128944,41242,952115,263005,74887,621503,127823,41318,960337,263321,74005,630810,126351,41264,971162,264953,73413,640754,125454,42338,986106,269342,71663,653955,126069,43200,997353,270974,70321,664655,121706,41594,1009222,272558,68226,676667
New Jersey,NJ,Northeast,604153.0,54492751.0,11.09,10293179.0,58.69,2.74,3527918.0,339127512.0,10.4,65420694.0,53.93,15.98,4.8,65121.0,67822.0,71195.0,78329.0,78782.0,82260.0,84909.0,85.0,0.412380276697915,0.56538024912682,0.37489222551343,0.517481697051793,0.426834250301825,0.574795425134789,0.373883577468188,0.52305026810773,0.336459076292044,0.498484440966102,0.306598955610108,0.444746849100646,8550.078095676285,4634.70932094811,11122.47032969694,3252.550308295964,10230.34565529623,5350.921811291299,10971.63900059844,3209.077007610381,8047.561655567267,4623.252067667035,10878.76729589881,3442.917395706534,10632.88303876476,6079.490830321395,11660.62574795669,3630.350041984594,11764.97804173395,6281.062673130194,11693.87149904118,3184.913649823288,13344.97529568808,6595.442625589149,10689.06264551579,2916.286090355213,778901,219628,6129542,1683568,470823,3804861,770603,219599,6146379,1670942,467725,3849506,762464,220739,6169501,1649853,463681,3918887,781976,230051,6411606,1693560,473299,4109169,806499,242131,6427003,1674625,483882,4150637,776472,239785,6459220,1662983,459815,4195501
New Mexico,NM,West,131858.0,12642168.0,10.43,2415538.0,54.59,0.6,5153390.0,471302990.0,10.93,94808378.0,54.36,23.34,4.3,41543.0,43771.0,48750.0,53692.0,54367.0,55861.0,58286.0,87.0,0.158262136844909,0.205765174232773,0.14802009988662,0.232582899062855,0.127054252880394,0.306910198626193,0.110966510912131,0.299418902447654,0.0903061121240302,0.164610527900923,0.103699141677621,0.188895035230559,14740.88563274043,9508.569712683211,3818.972427501147,1787.785279644426,18834.79877414765,12752.21834009063,5708.306599901494,2215.527188170761,16287.83537766301,13871.74663505126,7212.489321067355,2018.985040797824,17088.93812971117,15711.63333555615,7303.581436425604,1961.079254467858,22804.26781355892,13943.77272727273,4493.499964455818,1384.210579100615,18962.74039103481,13446.45269560233,4416.157796852646,1555.711556220743,203990,61969,1394280,368487,106788,820235,200607,64531,1403371,371338,102572,829783,198269,67210,1415298,370125,100228,854097,197401,69163,1426639,371398,96648,866526,205077,74676,1433908,372067,98589,877182,197152,74475,1450999,373330,92183,899523
New York,NY,Northeast,1279243.0,117416826.0,10.89,23255110.0,55.01,5.79,3527918.0,339127512.0,10.4,65420694.0,53.93,15.98,4.2,64953.0,66981.0,72301.0,78501.0,79182.0,82699.0,87061.0,87.0,0.319176625274596,0.338121397700166,0.320485681192228,0.333944812419416,0.316172147567204,0.323284166365586,0.30269033618776,0.318614252950784,0.297161654277955,0.324463325720936,0.305294744760275,0.299037635834988,13905.27411277699,9263.23753028816,7103.524274812894,4342.695923486541,14214.10919212851,9651.185525634386,7126.628718435063,4551.878719674939,13700.20766269627,10291.78969515402,6544.933623738598,4758.474283623391,14814.32229096918,11931.37907173214,6927.139656427767,5179.209940475806,16246.53910687995,12762.62252591281,7803.286351106238,5396.065888848378,17816.88473964304,12332.13857261348,7600.863274355621,5419.474042376715,1870478,492098,13606342,3556251,1159880,8210242,1831883,490373,13631937,3541274,1136076,8294069,1794550,486734,13649157,3474389,1115411,8430878,1816269,502020,14081080,3553598,1124221,8757825,1844128,527054,14021808,3494392,1129113,8786629,1766904,520830,13996138,3437438,1074524,8860163
North Carolina,NC,South,716519.0,63558153.0,11.27,12498057.0,57.33,3.24,8821173.0,763063961.0,11.56,150408029.0,58.65,39.95,3.7,46928.0,48915.0,53556.0,59301.0,59973.0,62594.0,65747.0,86.0,0.18763916832995,0.395022908910801,0.183248192337764,0.388269446599476,0.168069999578933,0.384218423485694,0.157394060217282,0.369011479679069,0.154857116676391,0.350262473813669,0.150895651704251,0.34468291559929,11054.67990273636,7187.093488219349,7218.210204281654,1660.075415091924,10989.75984555985,7127.395320829854,6975.273590271195,1599.117744663541,10993.77767361925,7897.996555216672,6859.594516972479,1595.586500111584,12280.96201402925,8595.968771412312,7182.089402156516,1605.678719500157,13460.52631578947,8530.51630854673,7256.341301195412,1563.062513296532,14332.15500674503,8540.90215605963,7538.410171411208,1517.816979229474,981234,306106,6881774,1780253,544260,4231655,984403,308119,6983859,1791532,549580,4338931,987858,315934,7096773,1806403,549688,4475154,979831,319204,7084876,1787594,544170,4520596,1014214,339085,7172112,1804406,556727,4609567,999707,341857,7261810,1812528,543508,4704701
North Dakota,ND,Midwest,60475.0,4625583.0,13.07,906297.0,66.73,0.27,4578485.0,411492814.0,11.13,79003664.0,57.95,20.73,2.6,56844.0,57212.0,62710.0,66879.0,72198.0,71676.0,71453.0,85.0,0.341856913092592,0.581843191464251,0.329130499730623,0.578063726491973,0.329296185626524,0.602219124442234,0.3151628952323,0.59699781007878,0.313474066751945,0.601283585977584,0.286688393332283,0.550722046254877,7392.849101035398,7171.889726807058,10286.76043808171,3725.26906659078,7818.283678107785,7884.238173406954,10711.2530528911,3868.029846291598,8012.024520801354,8384.718774064377,12129.77970638013,4116.654551054982,8351.30385801249,8519.400980993256,12371.42189105858,3920.639025137952,8319.248214637995,8192.400293470286,12545.82761885974,3740.725458547322,9599.368455421965,8692.016657638136,11766.84454346407,3493.424566630552,88250,24229,490233,131264,56889,322175,85905,23987,495068,130842,54967,327832,84840,23978,497525,129837,54207,333380,84989,24270,503897,131400,53265,338666,87885,23594,506256,132137,56322,341212,85420,22914,509149,130763,54532,346968
Ohio,OH,Midwest,783704.0,70393769.0,11.13,13365288.0,58.64,3.55,4578485.0,411492814.0,11.13,79003664.0,57.95,20.73,4.9,48542.0,49907.0,54936.0,60407.0,59376.0,62342.0,65011.0,86.0,0.335127232203971,0.653931990127864,0.325887420110107,0.666050771417208,0.306556218349465,0.621665949914992,0.312281462945019,0.641646110478048,0.297962103315946,0.643237315707079,0.316398625962724,0.638581010016603,5251.400115563879,6658.002238715663,9923.074166251867,3355.947138074301,5354.932404696776,6305.153275327725,10680.23685567835,3048.111243719802,6683.385569001761,6462.055922545052,10981.91726985209,2856.732555396258,6191.584518887098,6251.057747929259,11086.2648359692,2838.500568614283,6448.096648183465,7069.309839329164,11625.81335438068,3000.388495646403,6737.010510690257,7887.794682600592,11903.43367570889,3650.793421773928,1086626,362436,7937085,2639478,579754,4511447,1074610,365047,7975777,2634997,569276,4573402,1066321,370168,8014966,2629870,560424,4646326,1062481,376907,8077453,2636855,552781,4724847,1083657,398472,8097704,2625857,549296,4775443,1046523,394170,8123344,2624935,524012,4817855
Oklahoma,OK,South,291217.0,23941096.0,12.16,4723856.0,61.65,1.32,8821173.0,763063961.0,11.56,150408029.0,58.65,39.95,3.2,46733.0,48272.0,52427.0,56502.0,59358.0,61145.0,63300.0,87.0,0.40629342712631,0.593085047343581,0.373922915490542,0.603514444457467,0.373257527625817,0.612899465963943,0.36081214832207,0.614508544766565,0.31079202921624,0.613879861395731,0.280853020785542,0.571568834732198,5939.857047360072,5159.360675126278,8657.436585089508,3530.724479487496,5996.222398622586,6161.647466623338,9127.209753697885,3680.027974111084,5967.481962565788,5585.738114721643,9448.363374423441,3326.595676160811,6402.004672787194,6307.76992723435,10205.37944915254,3560.643420541021,6852.497629320564,7187.042347781512,10894.56330899436,3240.930996183858,7662.969667375194,7765.109716398146,10223.14667662435,3032.557437651732,385430,129933,2574001,806407,195168,1453806,383818,131543,2592088,812102,193920,1469533,381292,133787,2611680,812618,190828,1500030,379325,136171,2607741,803726,186752,1510642,398778,146504,2621275,807154,194696,1524428,390552,147696,2641325,811387,186751,1542860
Oregon,OR,West,242571.0,25369607.0,9.56,4987114.0,48.64,1.1,5153390.0,471302990.0,10.93,94808378.0,54.36,23.34,4.7,51010.0,53024.0,58255.0,64964.0,65166.0,68276.0,71524.0,81.0,0.304705710537775,0.717489366084243,0.257757419546815,0.714493297581754,0.245423681549066,0.689994639747614,0.224575699828485,0.680627787656666,0.207248896715653,0.681870407782531,0.167950230468699,0.696613918456985,5043.22131491038,7837.098815204871,12808.21756726014,3434.529521145302,5582.167684008367,9183.538268036822,13969.62439907522,3189.152965103832,6442.391918389317,10559.5700317965,14339.15815914596,3434.468441971383,7098.335395475443,12347.21103860912,15127.56629895417,3575.956491577966,7224.00191418294,12766.89983654789,15483.73132065776,3337.650234281356,6918.000413362895,13640.28265876933,15884.62908822166,2753.307193978282,363072,110001,2850693,656365,203376,1920146,362910,111642,2898950,659085,201256,1970615,364440,114619,2944830,667341,202423,2016704,362295,118027,2971396,668083,197164,2050711,374300,125555,2999096,674062,200838,2071732,361410,127326,3021010,676182,189245,2094607
Pennsylvania,PA,Northeast,790421.0,77290050.0,10.23,14466075.0,54.64,3.58,3527918.0,339127512.0,10.4,65420694.0,53.93,15.98,3.9,55346.0,56634.0,62463.0,66449.0,66580.0,69555.0,72220.0,87.0,0.453262236295769,0.737395242246926,0.43406383832291,0.730157593752249,0.393072926029577,0.723690207744104,0.37570067112594,0.71005516404572,0.349193171904804,0.662087812097084,0.347295920187268,0.673993635830203,4734.235453046467,5156.978819440103,13293.75266702426,4275.292301729204,4927.081093366828,5550.373798568507,13332.02488585841,4257.046497955011,5085.299947138297,6539.113322990822,13319.04217052612,4235.020182395499,5435.777832816813,7018.755710204146,13311.84984927772,4223.857224944534,6738.651359043998,7804.851010996807,13203.36790005432,4187.726008885285,6378.559406265162,7868.163744040648,13187.19177932505,4186.554446625645,1194488,399558,8921363,3133655,652406,4913690,1174907,399119,8954232,3106571,634591,4998751,1155305,398001,8989998,3072381,618774,5107650,1154671,408026,9111497,3079339,608820,5244782,1196563,425015,9128083,3058744,631016,5308145,1159561,418796,9153146,3039316,607030,5373094
Puerto Rico,,,,,,,,,,,,,,,,,,,,,,,,,,,,,,,,,,,,,,,,,,,,,,,,,,,,,,,,,,,,334598,93378,2364398,659670,209341,1126499,324142,88987,2345959,655680,205764,1140097,313188,83821,2331294,654014,201912,1152960,314885,83101,2399112,672492,205865,1207460,305813,81057,2400393,672281,201271,1235174,298885,80762,2412064,670172,196200,1269430
Rhode Island,RI,Northeast,61320.0,6459107.0,9.49,1273562.0,48.15,0.28,3527918.0,339127512.0,10.4,65420694.0,53.93,15.98,4.9,52847.0,55473.0,61724.0,65492.0,64929.0,67938.0,70693.0,83.0,0.476165059610962,0.643209340024461,0.499310340601684,0.658753746504116,0.442726968086384,0.653359606111972,0.423061664617681,0.654331942872922,0.434181727853445,0.636718922995766,0.429409698335068,0.614662173887212,5887.494457937734,6364.922532947605,10613.76277323912,5785.703632272581,5908.246947983015,5899.658031627133,11405.48730537863,5883.40543071161,6880.074631560029,8223.378811809014,12967.79870596693,6533.084072409185,7234.03555328345,9156.633444075305,13693.6591067528,6714.444767441861,7572.592950082801,9157.742659053834,13272.40402176485,7027.211256117455,8720.247699172633,9547.410730563875,13909.88904899135,7185.104180231801,114554,34569,733188,207007,68890,438187,112687,34779,737200,208387,67597,446346,110984,35475,741370,207358,65888,453754,112671,36903,766615,213716,66625,469391,114642,37315,771284,207211,66840,482138,110386,35811,776505,205862,63970,488967
South Carolina,SC,South,342145.0,31297775.0,10.93,5998759.0,57.04,1.55,8821173.0,763063961.0,11.56,150408029.0,58.65,39.95,4.2,44573.0,46637.0,51305.0,55928.0,55827.0,58042.0,60659.0,84.0,0.343047167914911,0.775255338574506,0.293321286014543,0.737736295846124,0.314798387614276,0.684589247600055,0.322800211442828,0.715414346137431,0.272089151659718,0.703816265742172,0.338892798174673,0.641569292108508,5194.894286814033,6321.6281757601,13891.47077422193,3122.965136054422,5715.14907581637,6908.366690951984,13949.94165893888,2834.632250902026,7190.581464561943,7257.581611762516,13783.05254873581,3290.996631304672,6423.29883267782,6788.992507528755,14028.59745835171,3194.736112622909,7078.918364612457,7003.53488372093,14632.61345791387,2591.426636917532,8567.80761313313,8231.605462389418,13748.64416689731,4185.015762703329,474672,154041,3385002,998459,257017,1950773,471333,157391,3446971,1003177,252823,2013303,470286,156896,3512626,1014022,253995,2088270,461929,155085,3507171,1008011,249326,2105712,485502,167865,3553321,1011555,256524,2162563,475338,170891,3610374,1019313,246236,2215364
South Dakota,SD,Midwest,68073.0,5384129.0,12.64,992778.0,68.57,0.31,4578485.0,411492814.0,11.13,79003664.0,57.95,20.73,1.8,53283.0,55416.0,61583.0,67885.0,70608.0,72984.0,74544.0,82.0,0.424855199540915,0.647555142184493,0.406292349681428,0.609141963266514,0.417052999982385,0.611625711671231,0.636792473732634,0.612590012362745,0.593256553415728,0.58383326414719,0.572639857324084,0.546229948624176,5559.60149596386,4472.15421686747,9234.32033622158,3303.547160068847,6490.162462198063,5268.595649940058,9255.716188799142,3605.461551635554,6293.498793519476,5987.419801641587,9050.401279252364,3550.499487004104,6588.874032882011,4912.309143935495,9414.006810122502,6779.592554469034,7308.694810162258,5625.847092727581,9344.666425091596,6734.515341583319,8357.400393855849,6202.119647790055,9307.815163450177,6942.590124309392,84140,24819,567083,173262,47768,346877,84137,25239,572393,173079,47503,352073,83345,25421,580244,175340,46246,359734,82852,26209,580235,174791,44583,362116,84743,28242,588987,176062,44336,369863,83237,28264,596137,175713,43198,378781
Tennessee,TN,South,486893.0,41639064.0,11.69,8166631.0,59.62,2.21,8821173.0,763063961.0,11.56,150408029.0,58.65,39.95,3.5,47201.0,49287.0,53227.0,59954.0,60264.0,63045.0,65596.0,90.0,0.173465890637839,0.512807152373333,0.176350050663348,0.492049893228173,0.135611657329929,0.46363967647071,0.0646712735936071,0.485629794347498,0.0196338404528849,0.450648151858201,0.0382610901889548,0.486095784157289,8815.183526671743,7670.248945495514,8871.725256415999,1608.237802783617,9471.028864159221,7918.543511702011,8791.2868582027,1694.270821887705,9958.147744350872,9932.275780718337,8262.33832513717,1557.394994328922,10202.41636622562,9008.325756116355,9266.531176767494,622.3483111796057,11729.82886890595,12533.62530522749,9315.801684221458,250.8701350475906,11580.8942631203,12875.22870950477,10590.27454759794,511.9521613197746,618989,219284,4530706,1467848,328069,2472588,617043,216051,4587393,1472003,331250,2540262,614531,216281,4649847,1479648,328047,2622466,616774,222324,4708480,1485813,325572,2693505,638580,235847,4758712,1498399,333505,2750162,622543,235339,4805533,1508292,321016,2797744
Texas,TX,South,2275693.0,177119299.0,12.85,36976634.0,61.54,10.31,8821173.0,763063961.0,11.56,150408029.0,58.65,39.95,4.1,52272.0,53681.0,56349.0,62015.0,64232.0,66554.0,68456.0,90.0,0.218787242224195,0.643770503278682,0.213973358674182,0.649911032863052,0.199670338638352,0.646714215806015,0.19421400547073,0.65085901641313,0.169881817365065,0.642560657093864,0.168288067551355,0.63951482430354,5806.822139167711,7112.675954592363,10493.96763992924,1991.983286819537,5791.037811196894,7509.358909828421,10750.57976263414,2044.209016523455,6054.648993802802,8554.076153334892,11083.45637213024,2134.114683902523,6358.147238714322,9279.31737093519,11852.68316393406,2236.540975989856,6313.850681812727,9755.18900769485,11350.26718075495,1996.377470141151,6322.261155486959,10240.94408168484,11215.93897513505,2072.146162835821,2777150,904155,17815359,4448881,1451979,10373046,2790857,923858,18131554,4525099,1458777,10648496,2804109,945458,18449851,4559034,1465530,11006083,2796936,965414,18619469,4563619,1440602,11229669,2936266,1032775,18910948,4626129,1497077,11492485,2863182,1019944,19294631,4691708,1454341,11843200
Utah,UT,West,277236.0,19753451.0,14.03,4341180.0,63.86,1.26,5153390.0,471302990.0,10.93,94808378.0,54.36,23.34,3.1,46220.0,48748.0,53205.0,59964.0,62056.0,64708.0,66966.0,88.0,0.242090260332787,0.48075689214497,0.226775370086825,0.468047036603291,0.229894481402671,0.451150533406079,0.240254344543199,0.468459682833665,0.198445465731432,0.440001988400713,0.171954677935472,0.405046774585178,7645.872934389362,8877.628096934035,7079.162061210521,2835.677105915144,8372.414437177482,9802.245698471905,7366.598244915015,2874.853968635945,8233.293108720163,9671.186795360532,6767.711009612628,2887.075107470192,8961.155085135757,10689.3649775235,7897.688535434882,3380.297548017981,10216.72393670959,12278.62089880322,8027.49073028871,3039.888789383701,12318.50858824844,13587.94034669639,8386.4948675435,2821.717415535996,344236,106207,1782065,407324,197225,1231381,349213,110013,1824052,416545,199389,1266707,355198,114961,1868472,425180,201333,1311582,363447,120835,1921860,435611,202542,1353746,387893,131517,1959919,442373,213755,1385083,383971,132162,2003084,449786,210066,1418696
Vermont,VT,Northeast,31691.0,3813733.0,8.31,704655.0,44.97,0.14,3527918.0,339127512.0,10.4,65420694.0,53.93,15.98,2.7,52430.0,54461.0,61507.0,64176.0,65293.0,67895.0,70811.0,83.0,0.69374143941054,0.894471140521792,0.679199226920252,0.85469503360638,0.523030105965112,0.753615890045359,0.429656888679874,0.796286011195889,0.520203194223713,0.807660714583603,0.377201025238202,0.810083917653482,3097.717230147141,2996.038461538461,19505.76637088622,6786.670814479638,4027.175068082032,3313.514597119502,19174.96076251876,7015.371350720125,7070.383038703236,5936.702256244964,19000.5021436542,6510.0,5845.610973743082,6597.579146203249,19427.15895443306,4970.157914620325,5515.987958054851,5847.953622077424,19680.43397096105,6340.442698351859,5496.22518424689,8379.109583810614,19955.90914325196,5074.845742649866,66936,20981,439695,128172,39794,278816,67199,20982,440460,126832,40081,281352,66619,22155,442089,124892,38653,288440,68285,22803,454463,127128,39430,299420,67966,22803,459033,126697,39025,305749,65081,22221,462996,126179,37123,311491
Virginia,VA,South,576125.0,51685358.0,11.15,10227966.0,56.33,2.61,8821173.0,763063961.0,11.56,150408029.0,58.65,39.95,3.3,56938.0,58890.0,62910.0,69013.0,71492.0,75095.0,78074.0,89.0,0.451012174114806,0.645903026743233,0.411302563910862,0.599837252780394,0.416470296465944,0.606780123598287,0.340633838884862,0.593600923146033,0.305699043437945,0.565285895742428,0.252073590200085,0.518790970108295,6141.206114584055,4628.366682977003,11003.12936030672,3776.521374861446,7531.704192633732,5210.365553639114,11118.92591273114,3616.399791371885,7377.902958574101,5439.293465906073,11208.72970834331,3856.957721193579,7939.642973701754,6335.408539218583,11427.08928269371,3253.475305134441,9007.8883874627,7027.483297519047,11563.62757022022,3077.424267147765,10302.74480188881,7572.889148809392,10984.97168243913,2539.971476176815,815995,250657,5730352,1381080,482193,3736452,811878,255088,5776886,1383769,475441,3797769,808812,260459,5831949,1392823,468415,3875525,807206,269226,5882521,1402487,459683,3940435,828543,285246,5919142,1411884,461920,3981441,804599,283112,5958915,1423702,444620,4019027
Washington,WA,West,502242.0,46181454.0,10.88,9240808.0,54.35,2.27,5153390.0,471302990.0,10.93,94808378.0,54.36,23.34,4.4,60937.0,64188.0,69647.0,75611.0,77204.0,81800.0,84802.0,84.0,0.271189215356969,0.514152084882189,0.232410330187538,0.510597682997899,0.18267114362244,0.471624633179112,0.201288875177458,0.497132876898024,0.158075477122763,0.503653268136982,0.172036295129658,0.481187546037998,8748.973651785715,7000.359821262936,9258.664910714286,2604.821617828538,9648.40906076952,8218.935330179818,10066.26887510976,2488.524206355983,10548.14166696464,10711.76882388338,9415.206985018058,2394.056010637265,11278.93927672617,9897.147854442344,11150.32435687776,2494.250671077505,12422.61529594599,11124.21165729395,12605.48401140352,2088.625544878857,14357.69921238598,12552.27426180816,13316.46146502433,2608.141814369746,659518,207587,5001943,1109016,359241,3448206,658937,209082,5101624,1122330,358921,3536845,659225,214452,5199771,1133689,356653,3634679,658252,217528,5278652,1150293,353974,3701858,678238,232250,5347314,1165130,357668,3758535,655939,232732,5409147,1176403,339726,3811203
West Virginia,WV,South,104440.0,10710952.0,9.75,1888053.0,55.32,0.47,8821173.0,763063961.0,11.56,150408029.0,58.65,39.95,3.8,41828.0,42719.0,48174.0,51918.0,51075.0,53695.0,55532.0,91.0,0.373155972190066,0.682009863354237,0.342382621157803,0.646489251277912,0.302949151032579,0.630556100805872,0.28165355172888,0.644577975141069,0.276354842717345,0.645498371338462,0.300746949548175,0.648330991754074,4595.710383596692,6167.314283134706,8027.624493252374,3576.478512098231,5257.320621209336,6901.164748527412,8026.086252527109,3528.440779338468,5488.270802448018,8153.893675721562,8034.156194168852,3491.88996179966,5781.374937683211,9242.957444367974,8701.384389893712,3594.4879559532,6000.308115853035,9304.54933575565,8615.166124245216,3526.6671965482,6171.073142176396,8837.371024734983,8627.31407386107,3774.469860735814,163597,59524,1292084,523536,84079,594318,160440,59165,1287427,519091,82395,599712,158340,59659,1283869,513143,80511,611695,156640,61282,1277914,512232,77499,613101,161654,64308,1271529,502333,79342,622195,155849,63691,1269202,501118,75699,623530
Wisconsin,WI,Midwest,369546.0,35168059.0,10.51,6601801.0,55.98,1.67,4578485.0,411492814.0,11.13,79003664.0,57.95,20.73,3.3,51204.0,52932.0,57292.0,62713.0,62898.0,65848.0,68347.0,90.0,0.197554155670833,0.621340722207562,0.168298403058561,0.624332641243851,0.157908117818982,0.601071384139845,0.151027906170747,0.595107790037407,0.145174194789221,0.613409556957027,0.150049152517013,0.605136240792512,5142.666671511628,11039.17300913204,8438.584265988373,2717.734185472007,5127.979132537914,12437.12952078863,8522.339461861338,2516.706766800386,5905.467953293174,13782.56374560124,8897.852035572558,2584.490773324178,6255.9829557539,13955.92757061183,9195.000792073399,2482.689990613534,6148.822223044475,14025.16030394428,9756.439621105603,2381.878672243422,6652.688282312554,13845.76734384084,10195.37165528427,2444.312705897552,558562,177830,3930889,1216570,319842,2397145,554108,177163,3955705,1211981,317229,2435508,550536,176425,3982118,1205321,315122,2481590,551032,182125,4027685,1209751,309244,2532659,565156,192847,4047831,1211254,312313,2557172,548130,194507,4069583,1207407,296909,2592745
Wyoming,WY,West,37531.0,3483065.0,10.78,651779.0,57.58,0.17,5153390.0,471302990.0,10.93,94808378.0,54.36,23.34,3.3,60422.0,62518.0,67053.0,72523.0,78995.0,83283.0,87284.0,82.0,0.136421701016278,0.202427279872995,0.151597577893081,0.175178934848799,0.13349306019735,0.0990969464154434,0.18496954910639,0.169404491692243,0.209761505205442,0.177393536875402,0.218559970688888,0.135359933032143,18230.25391621129,16283.60406634564,4608.287795992714,2572.363117531657,18987.51404835247,15936.44204753199,4017.619901054793,2847.618007312614,28551.11049778216,18678.92575448991,3134.104682109414,2877.653767820774,18794.9601025641,14023.01414464905,3811.944615384615,3182.495329597011,21325.47668339607,13777.94134300628,4581.978774571309,3657.227196319561,25804.42583580195,14266.18912550974,4027.821836648328,3990.092342546443,54826,19015,389291,111899,28555,249748,54137,18957,390516,113535,28482,250293,53729,18529,392819,112183,28506,255435,52012,18760,390162,110950,27020,254779,53774,18546,391802,110277,28785,257806,51898,18457,395504,109885,27364,262117
